10.32822108,-20.47635725,FR II,,
92.10980183,-49.43141337,typical,,
88.91682523,-59.43186753,Point Source,,
5.457981017,-25.58963711,FR II,,
119.4176075,-53.39671133,FR II,,
144.1002491,-76.51707852,Bent,,
212.3071366,-42.89788128,Bent,,
108.1082971,-60.17060565,Point Source,,
351.6642702,-40.44176475,Should be discarded,,
10.62674897,-9.367505334,Point Source,,
3.751162781,-29.92086655,Should be discarded,,
53.34741455,-55.8972292,FR I,,
235.0457689,-47.14081492,Bent,,
64.89018251,-82.1133399,Point Source,,
42.0527731,-53.37038298,FR I,,
94.01870109,-48.23770893,FR II,,
49.88287833,-44.00675194,Point Source,,
19.58302986,-26.22405111,FR II,,
172.6467486,-41.9324326,Should be discarded,,
108.8811803,-60.37141341,Point Source,,
97.47118506,-56.56390293,Should be discarded,,
10.62460749,-19.92756817,FR I,,
172.3864127,-42.21151967,FR I,,
61.15672094,-71.29857945,Should be discarded,,
101.3207215,-54.27988682,Bent,,
94.33328701,-47.00862419,FR I,Bent,
188.5848831,-48.99311985,FR II,,
201.6335267,-31.35085745,FR II,,
124.6546264,-57.36147777,FR I,,
160.299933,-70.3264994,Bent,,
40.37620594,-54.03579152,FR I,Bent,
10.15575858,-9.125199037,Bent,,
98.96817465,-54.16418075,FR I,Bent,
212.9743578,-42.87968273,FR II,,
98.21466662,-47.50036259,Bent,,
304.5610599,-57.12178725,Point Source,,
49.62390107,-44.19475314,Point Source,,
233.7689623,-46.53951635,FR II,,
5.397205308,-25.70595018,FR I,,
64.06862253,-55.53129131,Point Source,,
99.75061906,-49.06317248,Point Source,,
233.3362427,-83.22230104,FR II,,
140.2489444,-83.77572736,Point Source,,
116.808678,-75.17512758,Point Source,,
20.00558778,-28.16782062,Should be discarded,,
230.1409037,-83.50351222,FR I,Bent,
212.5174604,-42.72173471,Should be discarded,,
123.1399942,-57.02232772,Bent,,
189.4342559,-48.43665545,Bent,,
341.8747871,-44.68937808,FR II,,
144.5999869,-76.68770846,Point Source,Should be discarded,
239.4130388,-84.48279208,FR II,,
152.6832211,-84.04383334,FR I,,
5.837002291,-25.08442642,FR II,,
304.8777567,-56.95016411,FR I,Bent,
89.71839798,-58.57403112,Point Source,,
201.8956039,-31.55005368,FR I,,
238.3948112,-83.05037002,FR I,,
147.4558255,-83.60590601,Point Source,,
201.7959689,-31.62435913,FR I,Bent,
3.622292581,-19.20203987,Point Source,,
3.89432012,-19.4904468,Point Source,,
49.50601251,-44.61010878,FR I,Bent,
54.82750464,-39.97860438,FR I,Bent,
93.26273257,-48.68426026,Point Source,,
86.38019934,-22.05825782,Should be discarded,,
190.5371296,-48.60900401,Point Source,,
98.90799386,-54.32262308,FR I,,
125.172001,-57.03924886,Point Source,,
202.0246288,-31.5873506,Bent,,
97.06741516,-53.80606436,Bent,,
201.8533118,-32.16120321,Point Source,,
97.76740063,-55.54050975,Bent,,
90.86279586,-49.5067348,FR II,,
41.13556029,-52.88912589,Bent,,
100.2975856,-54.07443023,Bent,,
117.0982962,-54.36290117,FR II,,
11.5600635,-20.08875254,Point Source,,
115.8723387,-53.84965953,FR I,Bent,
93.55568149,-46.95989648,FR I,Bent,
119.9275647,-53.66910595,FR II,,
234.9134415,-46.72079799,FR II,,
68.49492791,-61.52125876,Bent,,
52.06697845,-55.66484547,Point Source,,
342.3696505,-44.1867755,FR II,,
90.54970629,-58.48533156,Bent,,
213.5754204,-42.67947036,Bent,,
159.0653205,-70.92913554,FR II,,
44.3444973,-78.45443711,FR II,,
6.356719163,-18.96915304,FR II,,
101.3193836,-53.89406174,Point Source,,
45.43844478,-78.41121286,FR I,Bent,
216.0880441,-53.4424643,FR II,,
203.356787,-31.50772219,Bent,,
91.57706942,-49.25953192,FR I,,
45.05739898,-78.52380656,Bent,,
53.55766561,-40.61219949,FR II,,
123.2380806,-56.78934435,FR I,Bent,
20.00650222,-27.00276489,Point Source,,
87.23982423,-22.45257305,Point Source,,
109.2696674,-60.39943538,Bent,,
92.3932107,-49.11655782,FR II,,
107.5443997,-61.16410214,Point Source,,
100.1265323,-53.89099017,Point Source,,
87.48153318,-21.19365271,typical,,
173.4423311,-42.04051019,FR I,Bent,
95.79975584,-54.51672965,Bent,,
190.1690956,-48.5067848,FR II,,
231.5611183,-83.52600347,Point Source,,
40.48310873,-53.39429466,Bent,,
3.58403612,-30.38526368,Exotic,,
10.70446701,-20.56755361,Point Source,,
106.0250094,-60.49057855,FR I,,
49.49021523,-44.23824098,Point Source,,
122.834534,-57.37273541,Point Source,,
101.588641,-53.59341775,FR II,,
202.1078211,-31.26093692,FR I,,
124.7393051,-56.76915581,FR II,,
202.4638964,-30.96573298,FR II,,
119.9762515,-53.61371474,Bent,,
202.6483712,-30.77845042,Bent,,
203.4054651,-31.51319652,FR I,,
41.72414817,-53.19356199,FR II,,
52.13309469,-55.70857943,Bent,,
101.1420989,-54.50287083,FR II,,
343.256646,-45.09140851,Bent,,
124.1508421,-56.45483514,FR I,,
122.9636789,-57.26082145,Point Source,,
10.23840559,-9.426962576,FR II,,
140.1489295,-82.74315354,FR II,,
51.40253993,-55.05971515,FR I,,
160.7193104,-70.77623731,FR II,,
46.02262284,-77.80986841,Should be discarded,,
351.6561337,-40.45985487,Should be discarded,,
2.584601053,-30.80412407,FR II,,
88.21615079,-22.43560808,Should be discarded,,
6.309688933,-19.60292047,Point Source,,
125.8932793,-57.39111978,FR II,,
5.788909524,-25.04336661,typical,,
54.39170811,-81.94663519,FR I,,
118.9504449,-53.47899289,Should be discarded,,
190.6772872,-48.39094515,FR II,,
57.62654703,-73.82405863,FR II,,
40.70472071,-52.82597906,FR II,,
106.6998233,-60.50679313,FR II,,
93.81539309,-47.75799636,Should be discarded,,
90.62397318,-58.65884838,Point Source,,
90.33549318,-49.43627113,FR I,Bent,
54.73690846,-40.59101388,FR I,Bent,
86.78067239,-21.36430453,FR II,,
202.8298482,-32.16001878,FR II,,
124.0527709,-57.50597099,FR II,,
233.8270039,-46.63721539,Bent,,
98.79418946,-55.61749103,Bent,,
64.8098321,-55.09954424,Point Source,,
99.15529078,-54.05655904,FR II,,
146.1729478,-83.76753139,FR II,,
212.7216129,-42.84367946,FR II,,
3.575735856,-18.51015819,Bent,,
5.079984723,-25.38221546,FR II,,
120.5338688,-53.21281054,FR I,Bent,
125.1530418,-57.53425676,FR II,,
63.8178423,-55.20399948,Bent,,
122.2945323,-57.44656228,Point Source,,
60.16594512,-71.17377446,Bent,,
159.4243388,-70.35261795,Bent,,
61.63563377,-82.46467027,FR II,,
212.718201,-42.85643098,Point Source,,
119.7943488,-53.23161471,Bent,,
108.4657601,-59.87931209,FR II,,
302.386528,-57.13525484,FR II,,
99.04950299,-54.64023575,Should be discarded,,
89.70060982,-58.48636033,FR II,,
4.122902403,-18.65919737,FR II,,
149.7137578,-83.18147838,Bent,,
4.521377213,-25.76918656,FR I,,
64.40260512,-55.58018622,Point Source,,
212.1900997,-42.77563799,Bent,,
148.9325622,-83.11114406,FR I,Bent,
90.96813177,-49.36672863,Bent,,
99.41171395,-56.54393481,FR I,Bent,
57.41862298,-74.12043532,FR I,Bent,
91.67805912,-49.03521773,Point Source,,
60.51424242,-82.57929817,FR I,,
115.4135063,-53.74150886,Point Source,,
66.75099358,-62.11204194,Bent,,
6.853741182,-20.02468104,Point Source,,
52.85698525,-82.23345135,FR II,,
98.6394068,-56.04476127,FR II,,
125.6437766,-57.04438021,Bent,,
60.92491875,-82.55755752,Bent,,
123.2646165,-57.05745141,Bent,,
98.1593976,-56.57694434,Point Source,,
49.09572927,-44.00001832,Point Source,,
97.30175225,-56.40502063,FR II,,
216.9980033,-53.7516113,FR II,,
40.46577719,-53.76345637,Should be discarded,,
100.4797217,-53.86993507,Point Source,,
116.8581128,-53.53517722,S/Z shaped,Exotic,
65.29705052,-54.93336685,Point Source,,
100.5296704,-49.08103021,FR I,Bent,
64.3466262,-56.38761163,Point Source,,
217.114072,-54.56746999,FR I,,
189.1063598,-48.4750559,Bent,,
122.7625074,-57.36035848,FR II,,
96.65605586,-56.50777375,FR II,,
91.86382333,-49.83040853,FR I,Bent,
303.1474255,-56.98931706,FR II,,
41.07803108,-52.79043198,Bent,Should be discarded,
108.7927486,-60.00007587,FR I,,
19.68776475,-27.54329806,Bent,,
3.112777333,-30.20288754,FR II,,
57.13453531,-82.32236689,Bent,,
124.8120294,-56.95550866,FR II,,
19.95219321,-27.07412413,Point Source,,
5.346569554,-24.72435415,FR II,,
101.2991372,-53.91548571,Bent,,
229.2982787,-46.66337793,Point Source,,
119.1715916,-53.31595492,Point Source,,
188.8499206,-48.64194726,Point Source,,
92.18641099,-49.02098269,Point Source,,
341.934677,-44.58693528,Should be discarded,,
41.49985419,-53.35105342,Bent,,
90.19770322,-58.34182466,Point Source,,
116.1287731,-53.65790602,Bent,Should be discarded,
125.3384547,-57.40458446,Point Source,,
118.8028847,-54.20256273,Bent,,
49.42733073,-43.92081542,FR II,,
95.87127756,-52.74255753,Bent,,
96.70675472,-56.12036615,Point Source,,
109.6952046,-61.1309624,FR I,,
51.4383704,-56.46290014,Should be discarded,,
90.23816232,-39.83277913,Bent,,
100.2539143,-53.91254219,Point Source,,
202.6559364,-31.53401842,FR II,,
119.6169713,-53.88608339,Point Source,,
213.8374493,-42.24911933,FR II,,
202.1406256,-31.44117334,Point Source,,
5.077525923,-25.66228888,FR II,,
96.30293801,-56.54253769,Bent,,
92.52685316,-48.66040698,FR I,,
229.1946305,-46.67290736,Bent,,
99.29250871,-48.02078393,FR I,Bent,
59.84003654,-74.45483479,FR I,Bent,
125.455872,-56.91440296,Bent,,
52.17910718,-55.60026443,FR I,,
98.83692181,-54.13646966,Point Source,,
4.807833279,-25.63408722,FR II,,
94.22459461,-48.22433389,Bent,,
92.58733373,-48.81198375,Bent,,
202.8089074,-31.14654851,Bent,,
123.0515716,-57.81856353,FR I,,
126.13906,-57.36788552,Bent,,
143.2681748,-75.97826633,Point Source,,
92.99829946,-49.07056588,FR I,,
240.3213759,-83.67211419,Bent,,
144.443232,-83.24701969,FR II,,
229.2091483,-45.64962234,Point Source,,
42.7039288,-53.88534069,FR II,,
10.11306065,-21.15922394,FR II,,
90.95294227,-40.58405117,Point Source,,
127.0326206,-57.22422504,Bent,,
143.7878997,-83.65377913,Point Source,,
351.8844061,-41.19573537,FR I,Should be discarded,
49.02281908,-45.23924591,Point Source,,
6.772172546,-19.50190197,FR I,,
94.15716453,-47.70883926,Bent,,
86.92750815,-21.25952676,FR I,Bent,
203.4628851,-31.65994386,FR I,Bent,
2.555727882,-30.97137029,Point Source,,
98.15672517,-56.09802618,Bent,,
115.5008625,-54.07862781,FR II,,
202.6612737,-31.58167447,Point Source,,
98.92291415,-54.8113736,FR II,,
20.28697424,-26.88769238,Point Source,,
10.96852155,-20.54656376,FR II,,
123.5541062,-56.92530644,Point Source,,
43.12466519,-77.88090031,Point Source,,
160.4668006,-70.81734003,Bent,,
10.95473073,-8.602206433,Point Source,,
126.1297835,-57.24211222,FR I,,
93.10728947,-48.49494628,Point Source,,
90.35692857,-58.13830023,Should be discarded,,
94.5079533,-47.78175399,FR I,Bent,
10.0043736,-9.664741105,FR I,Bent,
117.4080634,-53.84578218,FR II,,
96.03402117,-53.54387931,Bent,,
47.90215604,-45.45063837,Should be discarded,,
91.26258047,-49.37023528,Bent,,
303.1655116,-56.4263625,Bent,Exotic,
10.604921,-9.451790032,Point Source,,
3.305042671,-30.46889266,Should be discarded,,
53.04367194,-55.11293829,FR I,Bent,
51.49734072,-55.90919552,Point Source,,
172.358116,-42.11072156,FR II,,
215.1989761,-54.70210684,Bent,,
123.7380726,-57.95232079,Point Source,,
212.4745879,-42.90186924,FR II,,
40.4103897,-52.77896609,Point Source,,
48.43805714,-45.28330557,FR I,Bent,
123.1624334,-56.97428242,FR I,Bent,
98.3913008,-56.2567292,Bent,,
42.28212464,-53.01999393,Bent,,
201.9127175,-31.43287403,Should be discarded,,
121.8975043,-57.01876708,Bent,Exotic,
119.7855194,-52.8933812,Should be discarded,,
44.04418401,-76.95219547,FR II,S/Z shaped,Exotic
96.05943958,-54.06462746,FR I,Bent,
51.63383763,-55.43500063,FR I,Bent,
158.0465904,-70.81819411,FR II,,
2.558120539,-31.04021959,FR II,,
233.7241606,-46.58193138,FR II,,
342.6558799,-44.51360626,FR I,,
173.0101168,-42.61293547,FR II,,
95.08004556,-47.25820657,Bent,,
4.315418867,-29.86672876,FR I,Bent,
68.24585177,-61.7812617,FR I,,
49.03840553,-44.12458544,FR II,,
302.982429,-57.2819781,Point Source,,
92.29930443,-49.62676985,Point Source,,
351.103266,-41.74774476,Point Source,,
50.09091425,-44.64675166,Bent,,
59.32058791,-73.84569958,Point Source,,
41.35834173,-53.26711766,Point Source,,
94.63286435,-47.32500372,FR II,,
62.95128037,-55.47291749,Point Source,,
125.0737558,-57.11905309,FR II,,
203.0551243,-32.12003554,FR I,,
87.41484389,-21.76786891,FR II,,
56.44971622,-82.60145913,FR II,,
67.07829493,-62.16662758,Point Source,,
240.8368815,-83.80802652,FR II,,
67.98422088,-62.11856287,FR I,,
94.18174239,-47.77325111,FR II,,
10.86725917,-8.964360521,Should be discarded,,
9.780279985,-20.50166184,FR II,,
40.00536139,-52.56324575,Bent,,
93.07869142,-47.88057274,FR II,,
101.0982058,-54.84826186,FR I,,
116.0519172,-54.11452419,FR II,,
61.27486093,-82.72738325,FR I,,
100.2319442,-48.23042983,Should be discarded,,
11.15733173,-20.57117687,Point Source,,
172.0020433,-42.50701187,FR II,,
10.32185871,-19.80454183,FR II,,
202.0426177,-32.08933491,FR I,,
93.38474316,-47.21092719,FR II,,
2.853915072,-18.99612966,Point Source,,
216.0701573,-54.71317651,Bent,,
20.65161491,-27.21793739,Point Source,,
190.0265916,-49.04679699,Bent,,
115.2870858,-53.16647282,Should be discarded,,
144.9587528,-83.02616857,FR II,Bent,
2.906278031,-19.12816557,Bent,,
92.63341531,-49.09505411,Point Source,,
201.778358,-31.03252312,FR II,,
115.912935,-53.40587686,Point Source,,
4.580152421,-25.51901266,Point Source,,
85.09732709,-45.28223646,Bent,,
235.1070192,-47.07352585,FR II,,
90.11924296,-58.42895044,Bent,,
123.7548502,-57.10864387,Point Source,,
45.0358277,-78.25979939,FR I,,
189.009974,-48.42505506,FR II,,
100.030176,-54.48146563,Bent,,
89.53354532,-58.1743473,FR II,,
92.6724731,-48.51567595,FR II,,
60.38576641,-73.79865428,Should be discarded,,
49.3965387,-43.97463207,FR II,,
240.4769245,-83.12960994,FR I,Bent,
92.95303323,-48.54146113,FR I,Bent,
48.5767778,-45.27279061,Point Source,,
94.07649632,-48.3433274,Point Source,,
230.6895595,-46.37493944,Bent,,
123.7519368,-56.97782197,S/Z shaped,Exotic,
216.2046778,-53.90240892,Bent,,
107.2490422,-60.31704674,Point Source,,
3.660429701,-30.00772107,Bent,,
234.7654186,-47.47592073,FR II,,
100.5954506,-53.78306464,Bent,,
89.39050828,-58.01634118,Point Source,,
124.913909,-57.21595698,Point Source,,
343.4469617,-44.02711382,S/Z shaped,Exotic,
171.6655495,-42.89476506,Bent,,
351.8603711,-40.16997951,Bent,,
91.02425788,-49.96688335,FR I,Bent,
93.41448749,-48.2623028,FR II,,
91.64017042,-49.38492135,FR II,,
54.17340662,-39.79948082,FR I,Bent,
99.90741443,-54.35091251,Point Source,,
52.83172112,-55.80340447,Bent,,
18.85360673,-27.35064799,Point Source,,
7.477799205,-19.62500838,Point Source,,
173.3080473,-42.00434274,Point Source,,
94.21055955,-47.66506395,Bent,,
351.4622005,-41.73899079,Bent,,
107.8991222,-60.63858581,Point Source,,
93.20832424,-48.33042796,FR II,,
159.6137894,-71.16720721,Bent,,
41.0079539,-53.33672374,FR II,,
58.01769607,-74.07201787,Point Source,,
108.6053605,-59.59589443,Point Source,,
201.9449915,-32.00853026,Bent,,
20.13342267,-27.0104481,Point Source,,
93.25873173,-48.29342477,Bent,,
125.677292,-57.50466968,FR II,,
92.31406508,-50.14118907,Bent,,
63.27738591,-71.23423413,FR I,Bent,
342.3398271,-44.39559457,Point Source,,
98.68567919,-53.57258635,Point Source,,
88.21154694,-22.4103309,Should be discarded,,
123.8368853,-57.47590363,Bent,,
188.5932809,-49.16243052,Bent,,
202.9979511,-31.50977982,FR II,,
91.04476296,-49.4004247,Point Source,,
160.7637425,-71.0406465,Bent,,
92.51263478,-48.96235384,Bent,,
93.64771608,-48.93401377,Point Source,,
231.1688559,-83.96032078,Bent,,
6.973355431,-20.13820048,Should be discarded,,
172.9954485,-41.84029309,typical,,
92.83571828,-47.63185228,Bent,,
171.8253954,-42.9418069,FR II,,
351.6377571,-40.87138821,Bent,,
59.71672603,-73.88137852,FR I,Bent,
97.31613108,-56.87340888,Point Source,,
7.305049346,-19.82548769,Bent,,
96.78585681,-53.49616214,FR I,,
99.56423767,-49.06292359,FR II,,
19.39188633,-26.70395973,Point Source,,
60.39521217,-74.50555564,FR II,,
159.5492138,-70.95702129,Bent,,
202.8815419,-31.97906866,Bent,Should be discarded,
97.89602765,-56.04384427,Point Source,,
234.4792225,-83.87239588,FR II,,
100.0734479,-53.90439963,FR I,Bent,
5.282110736,-26.19509483,FR II,,
93.45716157,-47.39365686,Point Source,,
19.64839512,-27.36400232,Point Source,,
95.67416359,-47.30028927,Bent,,
229.7598298,-46.99765627,Point Source,,
64.61592905,-55.1989418,FR II,,
236.4076072,-84.24175339,Point Source,,
96.19100395,-56.25891979,FR I,Bent,
92.32648944,-49.18750531,Bent,Should be discarded,
145.5517019,-77.23721098,FR II,,
63.03683326,-55.04791577,Point Source,,
91.47911375,-48.77354415,FR II,,
202.5797865,-31.59279346,Bent,,
60.94539515,-71.43422496,Bent,,
202.2854503,-31.29329681,Point Source,,
41.55654896,-53.33544242,FR II,,
59.57229076,-82.77438704,Bent,,
202.0129467,-31.46238049,FR II,Bent,
91.86079237,-48.85514285,FR II,,
41.6474339,-53.06899597,Bent,,
69.59249192,-62.05022034,Bent,,
53.14871578,-39.90349697,FR I,,
4.834403392,-25.63688401,FR II,,
5.921668084,-25.81570258,FR II,,
202.0864243,-32.18249424,Point Source,,
190.5614054,-48.69176339,FR II,,
10.36829985,-8.801812395,Point Source,,
40.98288137,-52.64851092,Bent,,
67.43424173,-61.22057259,FR I,Bent,
143.6585298,-83.1620267,Point Source,,
351.4118165,-41.9022629,Bent,Should be discarded,
4.792638718,-26.69489188,FR II,,
90.50700775,-40.50188867,FR I,Bent,
118.3998401,-53.51414176,Point Source,,
342.3574947,-44.69845282,Bent,,
11.18120503,-20.91086303,Point Source,,
151.7239998,-84.25465706,FR I,,
87.47365703,-21.82080594,Point Source,,
7.413849476,-19.77434261,FR II,,
122.996387,-57.73847431,FR I,Bent,
173.0590837,-42.70343131,Bent,,
148.4741738,-76.46199243,Bent,,
171.6702357,-42.67572427,FR I,,
91.43268152,-58.72731148,FR II,Should be discarded,
90.21368622,-39.56246072,FR II,,
3.324453056,-19.79201149,FR II,,
63.86467016,-71.91346598,Point Source,,
145.8938189,-76.07210854,Point Source,,
10.27796395,-9.479575762,Point Source,,
51.59587267,-55.54265398,FR II,,
45.42070414,-77.21250689,FR II,,
99.29935218,-48.27126901,Point Source,Should be discarded,
109.1034075,-60.68426242,Should be discarded,,
100.2569614,-55.12855587,FR II,,
86.3024922,-22.17033449,typical,,
117.8840777,-53.5237015,FR II,,
93.59554659,-48.53818408,Bent,,
201.9315575,-31.49134464,FR II,Should be discarded,
61.3121133,-74.22573745,FR I,Bent,
64.98301887,-55.48378285,Bent,,
100.0287431,-48.05673433,Bent,,
58.64559361,-74.84559725,Bent,,
94.89679769,-53.92920015,Bent,,
100.0536722,-48.61307838,Bent,,
97.8745712,-56.07009528,FR I,,
6.827608481,-19.93448882,Point Source,,
56.69826467,-82.35073474,Point Source,,
41.63648084,-52.96078956,Bent,,
99.60462917,-48.5097137,FR II,,
212.5524696,-43.3344368,Point Source,,
93.78676076,-47.53264963,FR I,,
172.260005,-42.3813183,FR I,,
51.26843318,-55.87514443,FR II,,
53.79149023,-40.60229691,Point Source,,
11.84375846,-21.0240644,Point Source,,
51.67417468,-55.76400346,FR II,Should be discarded,
3.776818333,-30.5347317,FR II,,
20.47707867,-26.96862256,Should be discarded,,
91.14450426,-58.19838474,FR II,,
213.1676368,-42.4843892,FR I,,
215.4562007,-54.46133181,FR II,Should be discarded,
49.10875561,-44.87133917,Bent,,
92.75674082,-49.3719667,FR II,,
95.5386986,-53.29674579,Bent,,
54.52995104,-74.25496471,FR II,,
216.6866966,-54.00140147,FR I,,
18.79243315,-26.53858778,Bent,,
351.9703946,-40.74001257,Bent,,
90.70930917,-39.77642083,FR II,,
58.34364064,-74.18867784,Bent,,
89.48823982,-58.3924824,FR II,,
119.2547718,-53.66163431,FR II,,
119.8868945,-53.29802483,Bent,,
162.068447,-70.67559608,FR II,,
49.01465965,-45.24713133,Point Source,Should be discarded,
3.611742393,-19.68783793,Bent,,
215.2362993,-54.26789236,FR II,Should be discarded,
89.02700839,-58.20396042,Bent,,
96.9768368,-53.41948137,Bent,,
214.833993,-53.81228772,Point Source,,
3.252127437,-29.95628749,Point Source,,
65.18726179,-54.68628425,FR I,Bent,
61.2660797,-70.91012293,Bent,,
19.29285631,-26.23680841,FR II,,
55.41851294,-82.06572135,FR II,,
44.6834932,-77.57479678,S/Z shaped,Exotic,
3.915352665,-30.76991032,Point Source,,
49.16351473,-45.29808876,X-Shaped,Exotic,
19.4772729,-26.49617329,Point Source,,
351.6143883,-41.34973587,Bent,,
53.70893593,-40.41852027,FR I,Bent,
341.8020909,-44.82737024,Bent,,
90.39155055,-59.04719604,FR II,,
4.51294672,-19.35033648,FR II,,
125.0653355,-56.83481579,FR II,Should be discarded,
171.881872,-42.92651026,Bent,,
7.914661033,-19.08277951,FR I,Bent,
119.530333,-53.5917934,FR II,,
48.48417742,-45.74312647,FR II,,
202.1615547,-32.6401717,Bent,,
49.75359183,-44.60379414,FR II,,
91.15673243,-49.93373443,FR I,,
302.4958535,-57.16750426,Bent,,
161.5321209,-71.70121685,Point Source,,
3.507287958,-19.23826405,Point Source,,
7.519225322,-18.55230751,FR I,Bent,
51.26880839,-55.53534027,Point Source,,
91.13730113,-48.83025276,Point Source,,
58.07603161,-73.95079577,FR II,,
91.70699425,-40.87273008,Bent,,
215.468359,-54.64673448,Bent,,
87.66529613,-22.39529079,Bent,,
49.11809981,-45.10592859,Should be discarded,,
40.94607977,-52.41988233,Bent,,
91.79190309,-49.08719217,Point Source,,
61.4576779,-74.20864439,FR II,,
5.036653533,-24.77224923,FR II,,
302.4004825,-57.04066776,FR II,,
201.7744616,-31.59278319,Should be discarded,,
108.511458,-60.63114089,FR II,,
234.0880416,-83.76755963,Point Source,,
91.79007705,-49.61933629,FR I,,
56.93128317,-74.36976075,Point Source,,
118.9179858,-53.11568424,FR I,,
94.17544549,-48.04685238,Point Source,,
202.0172122,-31.75780817,Bent,,
124.5066034,-56.7213672,FR I,,
116.8841841,-54.39207294,Point Source,,
3.008032615,-30.27264609,FR II,,
86.1293558,-22.41858319,Point Source,,
91.60074954,-49.49804745,Point Source,,
44.50986939,-78.61999493,Bent,,
100.910778,-53.9779342,FR II,,
89.80562859,-39.71028498,Bent,,
87.57404202,-22.20765439,Bent,,
107.6044516,-60.9184125,Bent,,
93.77939643,-47.92466999,Should be discarded,,
54.67046994,-40.99941389,Bent,,
19.733936,-27.3670062,FR I,,
59.77992791,-72.06435421,FR I,,
3.107594021,-19.57300967,FR II,,
115.3717128,-54.39908624,FR II,,
51.66784279,-82.02265371,FR I,,
64.39787915,-55.19436891,FR II,,
119.1503437,-52.72740445,FR I,,
54.80352483,-82.43503317,FR II,,
49.13104691,-44.8983113,FR I,,
351.6994321,-41.57327927,Bent,,
51.98616084,-55.97891154,Bent,,
239.131048,-83.94710413,Point Source,,
302.5680487,-56.75323411,Bent,,
5.543049716,-25.69987813,Point Source,,
88.98095435,-57.72262236,Point Source,,
119.0077712,-52.98315219,FR II,,
61.6178256,-81.72917284,FR I,,
47.85103763,-45.27879,FR II,,
108.6807235,-60.80922886,Should be discarded,,
124.2781159,-57.68804551,Bent,,
145.7548819,-83.19008426,Bent,,
159.0107915,-70.71526868,Point Source,,
48.64884663,-45.57006019,Bent,,
48.94409627,-45.14093176,Point Source,Should be discarded,
4.17977281,-19.65526839,Point Source,,
233.8077774,-47.41862786,FR I,Bent,
125.9117858,-57.74617712,S/Z shaped,Exotic,
68.36844037,-61.53447839,FR II,,
5.517564603,-26.32222343,Bent,,
108.0378616,-60.3178216,Point Source,,
58.02022221,-81.50351645,Point Source,,
54.72092458,-39.83751745,Point Source,,
342.9887915,-44.2833661,Bent,,
117.1411757,-54.32547703,Point Source,,
123.1736544,-56.61404427,Bent,,
120.3498712,-53.89384561,FR II,,
100.2402032,-48.33462415,Bent,,
2.635928191,-19.06809027,FR II,,
171.3958192,-41.36003547,Bent,,
158.6542147,-70.40975516,FR I,Bent,
48.90810347,-45.22929268,FR I,Bent,
235.312137,-82.8831596,FR II,,
357.444996,-26.35432488,Bent,,
19.71441178,-26.66399304,Point Source,,
201.7027968,-31.57240898,Bent,,
95.95524438,-52.94404263,Point Source,,
152.0294984,-83.28650229,Point Source,,
234.5422766,-83.87955638,Bent,,
48.08517276,-45.81876203,FR II,,
63.75576665,-55.1887406,Bent,Should be discarded,
173.0148261,-42.34654944,Point Source,,
234.2668639,-47.17501543,FR I,Exotic,
65.29581315,-56.12334647,FR II,,
92.4874224,-48.67106656,FR I,,
41.35005511,-53.29564509,FR II,Should be discarded,
10.90344878,-20.27261517,Bent,,
57.65166114,-74.1980644,Bent,,
51.30181697,-55.01820958,Bent,,
144.5207787,-76.77343959,S/Z shaped,Exotic,
84.72826022,-44.0738607,Should be discarded,,
342.3040416,-44.49878982,Should be discarded,,
118.7233186,-52.98364275,FR I,,
96.2349874,-53.32867558,FR I,,
87.99424936,-21.67335644,Bent,,
99.13686735,-48.72512915,FR II,,
93.68559537,-46.83998757,Should be discarded,,
202.4132596,-31.31177443,FR II,,
340.980065,-44.41013904,Bent,,
234.1628547,-46.24792537,typical,,
54.35019614,-41.0725794,FR II,,
147.3647094,-75.71877277,FR II,,
3.223222044,-19.2468507,Bent,,
66.73458218,-61.1758674,FR I,,
58.1673521,-73.68767401,FR II,,
4.216723728,-30.61336134,Bent,,
230.6860083,-46.94188064,FR II,,
88.99224451,-57.7035625,Should be discarded,,
93.3887316,-47.44187234,Should be discarded,,
57.70393282,-82.1965278,Bent,,
95.92701922,-53.61455734,Point Source,,
87.43772345,-21.70037848,FR II,,
64.01721031,-55.74993514,FR II,,
351.3606638,-40.18522133,Bent,,
122.2813366,-57.51189413,Bent,,
95.52076457,-46.84863437,FR I,Bent,
126.0653768,-57.04965037,FR II,,
2.398286169,-20.271497,FR II,,
212.2935514,-42.84755181,FR II,,
233.6065222,-46.97273455,FR II,,
190.0842522,-48.14038206,FR II,,
99.93024894,-54.0098484,Should be discarded,,
341.9468211,-45.1922907,FR I,,
125.2734236,-57.07691297,Should be discarded,,
341.404284,-44.41697199,Point Source,,
89.58155239,-58.3103191,FR II,,
89.73266021,-40.12958777,Point Source,,
212.7730874,-42.81609693,Exotic,,
107.5577148,-60.31185643,FR I,,
19.1968613,-27.72597963,Point Source,,
87.10766619,-22.35396013,Should be discarded,,
102.5030904,-54.92952431,Point Source,,
202.9302006,-32.36149719,FR I,,
117.4256539,-54.25456591,FR I,,
10.21860238,-20.73802117,Should be discarded,,
43.18411785,-77.71742802,FR II,,
20.11001284,-26.65875867,FR II,,
3.483580977,-18.90210198,Point Source,,
5.906898123,-25.86645146,FR II,,
238.4414608,-76.37930411,Point Source,,
92.22277286,-48.36679925,Point Source,,
202.978677,-31.90114976,Point Source,,
123.1178479,-57.73481645,Point Source,,
100.4467402,-54.35101815,Point Source,,
114.7893676,-54.41997802,FR II,,
54.05725323,-40.6714875,Should be discarded,,
302.0693622,-56.97618074,Bent,,
92.37446124,-48.54579688,FR II,,
120.3188673,-53.75393698,FR I,,
172.6227024,-42.46107119,FR II,,
122.6905749,-56.33065834,Point Source,,
232.5305958,-83.80922305,FR I,,
161.0219027,-71.46784884,FR II,,
237.1019244,-83.87725114,Point Source,,
87.24483129,-22.32731329,Point Source,,
99.64917209,-55.16641087,Point Source,,
202.5895032,-31.63641412,FR II,,
231.9489867,-84.05665761,Point Source,,
42.170251,-53.39943319,Point Source,,
20.29420736,-26.91032279,FR I,,
3.549465433,-30.49012302,Bent,,
6.310861885,-19.70161252,Bent,,
48.33512202,-45.15475378,FR II,,
89.39475533,-58.64571068,Point Source,,
161.0466962,-70.13081829,Point Source,,
49.09077752,-45.10252165,Point Source,,
189.5503088,-48.49826006,Bent,,
3.0319928,-20.33660183,FR I,,
190.4761051,-47.95833288,Point Source,,
101.3422927,-54.00451014,FR II,Should be discarded,
125.4527373,-57.92875356,FR II,,
351.1067781,-41.33076361,FR I,,
95.55291634,-53.57102268,FR II,Exotic,
215.8619357,-54.630479,Point Source,,
230.3711131,-46.5542602,Exotic,,
47.70518878,-44.95860943,Point Source,,
4.968578389,-25.2800616,Should be discarded,,
51.31014108,-56.36234701,FR II,,
239.2193675,-83.48501777,Bent,,
202.5478988,-31.62841218,FR II,,
2.798911683,-30.67937941,FR I,Bent,
41.52459392,-53.67269261,FR II,,
229.6956645,-46.09770907,FR I,Bent,
90.06007297,-39.40236898,Should be discarded,,
5.230181405,-26.58203815,S/Z shaped,Exotic,
61.57714939,-71.54285064,Bent,,
229.9294192,-47.53643568,Bent,,
63.65016269,-56.06108561,FR I,Bent,Exotic
49.11316014,-45.83312201,Point Source,,
216.1155061,-54.27147264,FR II,,
10.81920267,-21.00442829,FR I,,
10.62629407,-9.357996238,Point Source,Should be discarded,
56.93465313,-73.98403832,typical,,
52.70873167,-56.0322269,Bent,,
67.29934925,-61.04763126,Point Source,,
97.65259087,-53.29141485,FR I,,
99.7935336,-48.02939233,FR I,,
124.3383758,-56.96980228,FR II,,
97.82411206,-55.88699161,FR I,,
215.739639,-54.17021308,Bent,,
90.62475814,-59.31254675,Bent,,
202.6482086,-30.7784439,Bent,Exotic,
98.34129104,-55.48662931,Bent,,
10.36888133,-9.749827798,Bent,,
41.3419982,-52.81947758,Bent,,
96.82516144,-57.0995096,Bent,,
171.6282829,-41.54035634,Bent,,
10.64903622,-9.866517996,FR II,,
108.7668281,-60.92944341,FR II,,
229.4029954,-83.24180764,Bent,,
125.7753953,-56.22806986,Bent,,
52.78956918,-55.53171773,FR II,,
302.5027573,-56.93757837,Point Source,,
57.98851928,-82.44197388,typical,,
190.0354617,-48.43581405,FR I,Bent,
342.0681596,-43.84115024,FR II,,
52.51766269,-55.49454758,Point Source,,
342.0714443,-44.63644784,typical,,
122.9238169,-58.01702684,FR I,,
58.16025093,-73.71495507,Point Source,,
213.2451012,-43.47808043,FR II,,
41.10633697,-52.8729495,Bent,,
68.30324203,-61.20001922,Point Source,,
49.10817597,-44.14279897,FR II,,
41.80415843,-52.59920088,Point Source,,
119.8143919,-53.8058287,typical,,
6.041347826,-25.88806588,Point Source,,
147.4323812,-75.70364833,FR I,,
145.947549,-76.31975078,Should be discarded,,
342.61417,-43.81209692,FR I,Bent,
93.11171323,-47.04670258,FR II,,
124.0707446,-56.61414289,Point Source,,
240.4924225,-83.09440238,FR I,,
116.7502324,-54.11957905,Point Source,,
54.27990288,-41.21322367,FR II,,
102.4429037,-54.66865274,Bent,,
60.73291099,-71.37622507,FR I,,
63.56799724,-55.78998952,FR II,,
143.3945263,-76.33127934,FR II,,
116.5006385,-53.3091196,Should be discarded,,
144.92625,-77.06311757,Point Source,,
93.85799573,-47.39567343,Bent,,
98.06189842,-54.19747457,Point Source,,
216.4557256,-53.40841324,FR II,,
93.04831239,-48.58677851,Bent,,
52.68125632,-55.52187731,Point Source,,
68.50276834,-60.80891648,Bent,,
99.53448243,-48.42537487,Bent,,
53.41534868,-55.58036713,Point Source,,
145.7599347,-82.96026877,Point Source,,
10.53337966,-9.542394002,FR II,,
96.32655797,-53.94932772,FR I,,
172.6754819,-42.38718459,Should be discarded,,
2.86928085,-30.34107617,FR II,,
41.31873171,-53.31366756,FR II,,
87.34917981,-21.83889502,Should be discarded,,
202.9321504,-32.1182969,Should be discarded,,
107.5856223,-60.53866904,FR II,,
91.44675081,-49.72938455,Bent,,
229.9473695,-45.84888541,FR II,,
10.33441676,-20.40238761,FR II,,
41.12352867,-53.05482209,Bent,,
93.88428254,-48.13743589,Bent,,
125.3995749,-57.06252818,FR II,Should be discarded,
124.9824009,-58.07020429,Point Source,,
89.53078825,-59.04416162,FR II,,
92.57344556,-48.67139529,FR II,,
5.080306632,-25.47482364,FR II,,
61.69166254,-71.27479378,Point Source,,Should be discarded
189.0262773,-48.59243612,Should be discarded,,
3.238374273,-18.79570118,Bent,,
99.11141341,-56.29514382,Should be discarded,,
172.6874596,-42.39125031,Point Source,,
48.9397401,-45.56346421,Point Source,,
171.851179,-42.44950732,FR II,,
61.13383507,-71.03303281,FR I,,
99.29600736,-47.58115009,FR II,,
94.25428931,-47.9190925,FR II,,
213.2568602,-42.45991519,FR I,,
53.70602807,-40.28833661,FR II,,
228.7771956,-46.26744175,FR II,,
115.4561353,-54.04765013,FR II,,
101.7459584,-53.97426367,FR II,,
158.8731204,-70.62363547,FR II,,
116.9083376,-54.65658964,Point Source,,
304.2086382,-56.1271039,FR II,,
91.59695002,-49.73777776,Bent,,
234.3301677,-46.8941661,Point Source,,
215.1853685,-54.03504695,Bent,,
97.91398852,-53.94060332,Bent,Exotic,
5.115035422,-26.33882395,Bent,,
18.58876792,-27.31192221,Bent,,
143.1069503,-82.74710131,FR II,,
41.05809955,-53.02384107,FR II,,
49.44790449,-44.17207995,Point Source,,
150.9887911,-83.48330159,FR II,,
230.4701066,-83.66570005,Bent,,
108.6096113,-60.05357202,Point Source,,
203.7658838,-31.26633786,Bent,,
10.62694484,-20.24458513,FR I,,
343.3160766,-44.66894595,FR II,,
63.52654328,-55.02177949,FR I,Bent,
123.0102221,-57.21296939,FR II,,
58.75957757,-73.94589676,Bent,,
10.38254174,-9.237129181,Bent,,
57.94913352,-73.94645172,Point Source,,
63.14778496,-54.76576605,FR II,X-Shaped,Exotic
5.398881225,-26.35863782,Point Source,,
100.436848,-53.41813053,Point Source,,
10.8753703,-20.47967735,FR I,,
42.22256532,-52.97695289,Should be discarded,,
107.385963,-60.12057328,FR II,,
99.18927593,-48.51726689,Should be discarded,,
10.41872181,-20.79678104,FR II,,
97.77290478,-55.94013261,Point Source,,
86.99432283,-21.7816052,FR II,,
3.058069377,-30.87949719,Point Source,,
100.297324,-54.07445346,FR I,,
303.3126632,-57.22727835,Point Source,,
216.6277086,-54.36632033,Exotic,,
51.8463639,-55.30150216,Bent,,
63.63026507,-55.02626815,Point Source,,
162.5369362,-71.42622598,FR I,,
201.8239562,-31.56553361,Point Source,,
121.4867056,-57.33017471,FR I,,
66.73131305,-62.10263869,Bent,,
202.4815527,-32.14226655,Bent,,
357.186897,-26.2508699,Should be discarded,,
3.770561288,-30.15549778,FR II,,
148.2258842,-75.76189231,Point Source,,
19.565719,-25.86341871,FR I,,
228.7530892,-46.49934336,FR I,,
5.950785004,-19.70790128,FR II,,
202.1593378,-32.23378983,Bent,,
351.8171444,-41.28624428,FR I,,
4.5911848,-30.65794368,FR I,,
99.34038975,-53.95751431,FR I,Bent,
215.8023412,-54.51374884,Bent,,
92.49515096,-49.55774316,FR I,,
4.363682024,-30.6592327,Point Source,,
172.3004454,-42.14409842,FR II,,
6.438942473,-20.3658249,FR II,,
19.50444669,-27.67970311,Bent,,
190.7473486,-48.50054181,FR I,,
149.241889,-83.0495643,FR II,,
10.23977368,-19.6211824,FR II,,
59.32385267,-82.28082313,FR II,,
3.701135294,-18.86500303,FR I,Bent,
116.3807892,-53.57003123,FR II,,
20.79770667,-27.41949406,FR II,,
53.5361264,-40.152289,Should be discarded,,
202.6996057,-31.73033519,Bent,,
57.42211275,-82.14756012,FR II,,
140.391639,-83.36683312,FR I,,
230.3734263,-46.86529582,Bent,,
61.4225829,-71.08052349,Point Source,,
3.323884476,-30.03520316,FR II,,
143.7832225,-83.6849875,FR II,,
107.7889039,-60.14245856,Point Source,,
3.49417518,-30.25214474,Bent,,
102.4770528,-53.79014565,Point Source,,
212.7004304,-42.87248551,Bent,,
341.6929362,-44.81350967,Exotic,,
53.56849834,-40.70430744,Bent,,
357.4148318,-26.28964107,FR II,,
215.9887016,-54.37915047,FR II,,
171.7877323,-41.61507022,FR II,,
202.2764899,-31.87702668,Bent,,
124.7749608,-57.69100733,FR I,Bent,
55.14254372,-40.57925409,Bent,,
301.731949,-56.11495623,FR II,,
202.7998496,-31.65847409,Point Source,,
143.1202447,-76.4043972,FR I,,
10.4963896,-8.884224985,FR II,,
237.7216866,-76.29981119,Bent,,
98.36060616,-49.0236539,Bent,,
20.48571676,-26.96314954,Point Source,,
86.53845719,-21.99867102,FR II,,
10.36312267,-21.04599558,FR I,,
41.18869395,-54.0189889,typical,,
92.82760644,-49.6321588,Bent,,
212.7562747,-42.60314539,FR II,,
97.9499852,-56.3883385,FR II,,
97.33239546,-53.66881908,Point Source,,
100.4372229,-53.41826827,Point Source,,
3.708456488,-19.35898409,FR II,,
233.0960265,-46.6930629,FR I,,
57.74979843,-81.86801029,Point Source,,
65.17922872,-55.53992214,Point Source,,
20.51555446,-26.81749991,Point Source,,
115.3933583,-53.24707293,Should be discarded,,
64.21855987,-55.62699714,Should be discarded,,
191.1896288,-48.11220462,FR I,,
107.881367,-60.66694192,Point Source,,
49.15303106,-44.15525528,Bent,,
214.9121455,-55.01162084,FR I,,
145.4523911,-76.49137113,Point Source,,
351.1296113,-41.14135279,Bent,,
201.9579841,-31.48405015,Should be discarded,,
3.034855065,-30.76671633,Point Source,,
138.9332087,-83.67356093,FR I,,
5.367018525,-25.13585501,FR II,,
94.69343782,-47.55311068,Bent,,
53.05644127,-41.42563359,Point Source,,
108.6137965,-60.37336636,Bent,Exotic,
3.412528875,-20.30407415,Bent,,
41.93748027,-53.60563908,Should be discarded,,
49.28442375,-45.90047628,Point Source,,
64.96593114,-55.45805368,Bent,,
3.545075209,-19.06981902,Bent,,
43.61642517,-78.07346167,FR II,,
67.35320968,-61.31873215,Point Source,,
50.43885917,-44.38192618,Bent,,
60.38456885,-82.44167748,FR I,Bent,
119.1792778,-52.77581599,FR I,Should be discarded,
143.2213223,-76.57438032,FR II,,
212.9877065,-42.90323194,Point Source,,
211.9033332,-43.04515737,Should be discarded,,
214.4794084,-54.08644127,FR II,,
116.409629,-53.75882049,Bent,,
87.26550554,-21.89272152,Bent,Exotic,
86.93697522,-21.8089824,Point Source,,
58.19979238,-74.04523855,FR I,,
202.7571638,-32.41279946,FR I,,
3.141399625,-19.46737859,Point Source,,
60.313198,-71.66826882,FR II,,
61.36100088,-71.34751054,FR I,Bent,
202.1226302,-31.32388047,Bent,,
91.20436307,-50.30037975,Bent,,
213.5554872,-43.08720883,Point Source,,
173.732413,-41.86839692,FR II,,
106.9170741,-60.59674143,FR I,,
96.92889246,-53.95828571,FR I,,
114.8414918,-54.13714959,FR II,,
124.9248884,-57.19201903,Point Source,,
40.38220363,-52.02086401,FR I,,
201.6087231,-31.84327508,FR II,Should be discarded,
189.7778863,-48.68111021,Bent,,
2.567312312,-19.36592377,Point Source,,
161.9449799,-70.96376295,FR I,,
214.6392424,-54.69238468,FR I,,
173.1742531,-42.79455432,FR II,,
118.7835144,-53.66861841,Point Source,,
92.98329174,-47.92801702,FR II,,
86.92965572,-22.26191874,Exotic,,
96.59206597,-53.6912977,Bent,,
149.0418734,-83.68856027,Should be discarded,,
60.79486126,-81.94365947,FR I,Bent,
92.70736212,-49.09559182,Point Source,,
172.5170044,-43.12828229,FR I,Bent,
41.88775436,-53.26527809,FR II,,
202.7280678,-31.57265449,Bent,,
351.2194458,-40.85366798,Should be discarded,,
91.01235474,-39.40684311,Point Source,,
202.5209924,-31.4098241,FR I,,
61.97467396,-70.73636408,Bent,,
87.54753147,-22.6644096,Bent,,
98.97737579,-48.06092551,FR II,,
67.18772366,-61.35842643,Exotic,,
41.3646099,-52.5788643,FR I,,
5.000182689,-25.21504403,FR I,,
57.11212717,-82.71330166,Should be discarded,,
93.36408758,-47.46719256,Should be discarded,,
4.709675553,-25.10595908,FR II,Exotic,
101.6386907,-53.60201658,Point Source,,
60.74639151,-73.7279504,Point Source,,
91.5213,-49.46655476,Point Source,,
60.47714644,-71.52765396,Point Source,,
357.3767998,-26.31699328,FR II,,
10.8525275,-20.59193298,Bent,,
10.20469586,-9.820739898,Should be discarded,,
190.3006831,-47.53008411,Bent,,
234.2979147,-46.03576695,FR I,,
98.17503169,-56.55351801,Bent,,
145.4593173,-82.74239074,FR I,,
59.74089544,-81.93125806,FR II,,
90.37394989,-40.73275784,Point Source,,
122.5471871,-58.22323774,FR I,Bent,
189.2904613,-48.57885649,Point Source,,
124.368083,-57.34011309,FR II,,
203.1471071,-31.52906747,Point Source,,
121.2625382,-57.82297528,FR II,,
54.25892726,-41.39665874,FR II,Should be discarded,
64.73383352,-55.39241119,FR I,Bent,
341.9661164,-44.4873556,FR II,,
151.9690381,-84.03606213,Point Source,,
94.59387886,-47.72674204,Bent,,
234.5817325,-46.86804897,FR I,,
61.62745283,-71.10386937,FR I,,
98.632512,-53.95654713,FR I,,
90.21621781,-39.51201937,Point Source,,
99.75642237,-48.27772961,Point Source,,
342.2775806,-44.46700765,FR I,Bent,
230.3516796,-47.28148854,FR I,,
57.50225533,-73.98862542,Point Source,,
3.673080989,-19.71299811,Point Source,,
216.8558758,-55.08369214,FR I,,
94.47868253,-48.15511498,FR II,,
117.5911651,-53.7656534,typical,,
201.8313457,-32.04374695,FR II,,
160.7215737,-71.76813354,Point Source,,
343.3703337,-44.35961456,FR II,,
99.79389362,-48.31347196,Point Source,,
47.29231949,-44.92066368,FR II,,
99.03714683,-48.3509648,FR II,,
122.7933971,-56.87682095,FR I,,
87.05566003,-22.24853783,FR II,,
232.8047232,-46.55534571,FR I,,
342.4161861,-44.30046231,Point Source,,
96.93475224,-56.07392226,FR I,,
87.44792039,-21.94568387,Should be discarded,,
89.09657456,-58.69086407,FR I,Bent,
202.5795178,-31.38313274,Point Source,,
350.9936166,-41.16978004,Point Source,,
90.16760581,-58.63057625,FR II,,
97.88716661,-55.95521238,FR I,Bent,
48.78589944,-44.99407774,FR I,,
172.6786518,-41.59866003,Point Source,,
99.56958873,-48.74849237,FR I,,
39.92907511,-52.24063005,FR II,,
119.6523566,-52.94820128,FR II,,
91.28391173,-58.45759608,FR II,,
91.83176229,-49.21926767,Point Source,,
86.59873147,-22.1997478,FR I,,
234.837271,-46.61238501,FR II,,
238.0117018,-76.1952621,Point Source,,
19.08133154,-27.54427739,FR II,,
58.11478955,-81.88462274,Point Source,,
3.398564425,-19.63784688,Point Source,,
10.8957544,-9.388079977,FR II,,
99.23909717,-55.20367334,Point Source,,
3.847650385,-31.06212086,Point Source,,
101.3633688,-54.22708971,Should be discarded,,
19.22435621,-26.15059326,FR II,,
18.82260462,-27.2062453,FR II,,
98.75097919,-49.35352067,FR II,,
89.14018042,-40.30655832,FR I,,
229.9599933,-47.24751546,FR II,,
357.0841132,-26.3048833,FR I,Bent,
100.4957947,-48.1077664,FR II,,
115.6492571,-54.77705895,Bent,,
4.774923496,-26.37786863,FR I,,
89.5937685,-58.25366624,Bent,,
64.20975811,-55.28513888,Point Source,,
99.6828962,-53.60221809,FR I,,
146.2722318,-76.52727682,FR I,,
95.25276599,-48.35178337,FR I,,
89.62320633,-58.60569319,Should be discarded,,
63.48443966,-82.81163302,FR I,Bent,
92.87591093,-48.34019217,Point Source,,
101.5927611,-54.07389938,Bent,,
10.69281952,-10.05063038,Should be discarded,,
59.45356788,-73.78024996,Bent,,
95.99106988,-53.68350116,Point Source,,
3.818941011,-30.66137317,Point Source,,
61.99484397,-71.47551947,Point Source,,
123.0145416,-56.2800042,Point Source,,
202.2854744,-31.29328493,Point Source,,
202.4033022,-32.42009286,FR II,,
341.8215477,-44.62585402,FR I,,
202.1246771,-31.5793257,Should be discarded,,
48.82133413,-44.28490611,Point Source,,
50.67941066,-56.427021,FR I,,
52.85591229,-55.31286239,FR II,,
11.07829482,-8.997838482,Bent,,
5.350947911,-25.79361863,Point Source,,
343.0341097,-44.55056733,Point Source,,
43.37283465,-77.72146982,Point Source,,
89.71469624,-58.65408579,Bent,,
342.5868753,-45.26983887,FR II,,
48.99605369,-45.4278991,Bent,,
19.43217665,-26.7756218,FR I,Bent,
201.7783271,-31.03250897,FR II,,
64.18116963,-55.63171535,FR II,,
53.52204852,-40.13891608,Point Source,,
90.25136292,-58.918162,FR II,,
202.0420016,-31.48926834,Point Source,,
229.7786616,-83.59236401,Point Source,,
58.75010696,-73.67860479,FR I,,
92.27965914,-48.91796826,Point Source,,
10.86149859,-9.391294051,FR II,,
5.401139411,-25.08817876,FR I,Bent,
10.83829831,-19.83886403,FR I,,
124.8119416,-56.95537402,Point Source,,
54.61927765,-41.0899997,FR I,,
5.133203378,-25.92432002,Point Source,,
92.26861002,-49.68730117,Point Source,Bent,
10.78519628,-20.71124051,FR II,,
107.6350278,-60.7150318,FR II,,
202.3263909,-31.55719853,FR I,,
93.24622098,-49.32533203,FR II,,
115.1028504,-53.54498384,Point Source,,
10.59267792,-9.505152733,Bent,,
107.8530908,-60.03796102,Point Source,,
122.6671107,-56.99179032,Bent,,
3.145835725,-20.3779052,Point Source,,
190.3217418,-48.25830273,FR II,,
57.49513074,-74.11544843,FR I,,
115.7412293,-53.72678334,Point Source,,
92.87237022,-49.31318694,FR I,,
3.942954907,-19.43850206,FR I,,
98.10773677,-56.25076935,FR I,Bent,
63.7531142,-56.21878764,FR I,,
19.33037756,-26.94660864,Bent,,
94.38028116,-47.41233261,Bent,,
48.78990961,-44.72040822,Point Source,,
48.46827926,-45.18177362,Point Source,,
52.54112448,-55.15707611,Point Source,,
149.5263277,-76.13634097,Point Source,,
3.896360618,-18.96348301,FR II,,
96.6230222,-56.69625404,Point Source,,
94.75082231,-47.66658404,FR II,,
215.9097902,-54.38169626,Bent,,
4.915067956,-25.58976301,FR II,,
106.6482482,-60.19398209,Bent,,
117.327561,-54.65917614,Point Source,,
215.4991731,-54.38615295,FR II,,
124.4738377,-57.18999275,FR II,,
116.6057267,-54.4706076,FR II,,
91.14177137,-49.28450817,FR I,Bent,
172.9695687,-42.42719159,FR I,Bent,
42.30238002,-53.08106948,Bent,,
90.14756822,-39.26032924,Point Source,,
11.2839153,-20.83422326,Point Source,,
212.5817098,-42.27260193,FR II,,
57.58841211,-82.14234349,Should be discarded,,
122.9465445,-57.70544279,Point Source,,
99.27661766,-48.26688754,FR I,,
60.36501544,-70.90937745,Should be discarded,,
99.6937154,-48.75751117,FR II,,
190.6842166,-49.07902042,FR II,,
90.45729713,-39.98648421,Point Source,,
91.43307759,-49.53555232,Bent,,
202.9378916,-31.66572935,Bent,,
99.15448624,-48.60161075,Bent,,
202.4486951,-31.60688561,Point Source,,
341.5928974,-43.88574033,FR II,,
171.8995526,-42.58525704,Bent,,
234.95946,-83.01495287,FR I,,
123.06872,-57.00337941,Point Source,,
102.2940103,-54.1173396,FR I,Bent,
10.28477089,-20.3437843,FR I,,
229.1887869,-46.25624601,FR I,,
90.42853653,-39.94436598,FR I,,
57.66658057,-74.28319703,FR II,,
233.5019466,-46.01972255,FR I,,
90.75501289,-49.11413328,FR I,,
97.9910218,-56.62136133,FR I,Bent,
118.2093029,-75.16167636,FR II,,
53.18996989,-40.82730209,Point Source,,
116.9589186,-75.71626766,Point Source,,
238.5260013,-76.14683364,Point Source,Should be discarded,
64.02419266,-55.93438263,Should be discarded,,
106.3795668,-60.49235413,Point Source,,
106.8613153,-60.29353314,FR II,,
98.36507555,-55.54719411,Point Source,,
98.24221902,-56.14361895,Point Source,,
119.7819197,-53.24985845,FR I,Bent,
52.44030646,-55.99535878,FR I,,
93.81566815,-48.04880051,Bent,,
68.37147495,-61.84526128,FR I,,
3.643383501,-19.40376075,FR II,,
115.6791167,-53.95485413,Bent,,
40.97869337,-52.75665481,Bent,,
91.07098639,-40.06400288,FR I,,
59.69417259,-73.47452756,FR I,Bent,
45.20004915,-77.86832497,FR II,,
90.39954489,-58.32941186,FR II,,
48.08560202,-45.73853407,Bent,,
230.441116,-83.81320874,Point Source,,
53.93007489,-39.81625596,FR II,S/Z shaped,Exotic
11.28348198,-21.4176724,FR I,,
212.1788927,-42.34345529,Bent,Exotic,
60.53481002,-81.85691958,FR I,,
91.66954397,-39.46567307,FR II,,
63.73599719,-55.60813429,Point Source,,
92.10963254,-49.43162351,Bent,,
49.24830834,-44.26935466,Point Source,,
351.5148397,-41.85546006,Bent,,
65.66010996,-55.88549153,Point Source,,
115.4085916,-53.91619146,Point Source,,
54.32817465,-40.37817185,FR II,,
90.96002843,-50.04585775,FR II,,
98.88676959,-48.11172388,FR II,,
203.3279859,-32.49814956,Bent,,
145.4302424,-76.62870601,Bent,,
229.2899697,-46.88168455,FR II,,
122.5759888,-57.49480949,Point Source,,
108.2483946,-60.73352924,FR I,,
101.1857395,-55.20433622,FR II,,
91.14097885,-40.63180187,Point Source,,
63.91563986,-55.74190145,Bent,,
90.43387932,-40.06649229,FR I,,
351.2641002,-40.85839495,Point Source,,
93.54841789,-47.89687622,FR II,,
357.2031197,-25.91825597,FR I,,
189.3473152,-48.46319584,FR I,Bent,
90.70180339,-58.49031901,Bent,,
7.229984643,-19.25947642,FR II,,
189.2316766,-47.51642809,FR II,,
93.2333945,-48.21758709,FR II,,
229.3707843,-47.16176457,Point Source,,
44.63870766,-77.79177253,FR I,,
3.435757406,-30.30630299,Point Source,,
45.29908402,-77.21902943,Bent,,
5.384717575,-26.23332593,Point Source,,
159.8532816,-70.97230448,FR I,,
99.60642219,-56.70212028,FR II,,
117.4101696,-54.36877093,FR I,,
44.66578818,-78.04968124,FR II,,
92.99213402,-49.09881385,FR II,,
62.88094418,-70.55053764,FR I,,
101.5451903,-54.8594646,FR I,,
94.90786255,-48.11821542,Point Source,,
228.3115273,-46.59167899,FR I,,
125.4357764,-57.12682204,FR I,,
65.81172626,-55.11432602,FR I,,
87.26419182,-22.23318947,Point Source,,
228.6496957,-45.97773677,FR I,,
54.18800878,-41.08605869,FR II,,
90.97606473,-58.48538687,FR I,,
212.7796804,-42.40662546,Point Source,,
212.7113916,-42.24145527,FR I,Bent,
190.0156664,-48.07689407,typical,,
202.5409137,-31.77818937,Point Source,,
201.9583794,-31.35156747,FR II,,
2.737311725,-19.61133715,FR II,,
341.7160428,-44.00540429,FR I,Bent,
190.4595327,-48.62404423,Bent,,
239.0986168,-83.32799987,FR I,Bent,
41.81118331,-52.98679853,Bent,,
43.3708436,-77.93000729,FR I,,
92.50594821,-49.17807535,Bent,,
92.84624448,-48.20073388,Point Source,Should be discarded,
201.989515,-31.27672375,FR I,,
99.20753579,-53.47676933,FR II,,
100.1022022,-54.54761663,FR II,,
108.7568334,-60.28437191,FR II,,
55.86243949,-73.76734019,Bent,,
59.99110613,-82.14089489,FR II,Should be discarded,
45.67214938,-77.28777947,Bent,,
91.92493541,-49.49088511,Bent,,
48.82372518,-45.21328112,FR II,,
42.77419955,-77.49878605,Should be discarded,,
228.8263941,-84.11514069,FR I,,
49.00350886,-46.19757097,Point Source,,
99.60840073,-48.14195024,FR I,,
92.24565887,-49.54334145,FR I,Bent,
62.85502622,-55.97870812,Bent,,
42.49093061,-53.79539773,FR I,,
302.8981217,-56.80609609,FR I,,
100.1814121,-54.03352103,FR II,Should be discarded,
10.99241872,-20.38119771,FR II,,
3.054069243,-30.1654012,Point Source,,
217.4567801,-54.2421054,FR I,,
93.20941477,-49.09283988,FR I,,
92.50852492,-48.2649983,Bent,,
60.97326344,-71.84868068,FR I,,
190.6903978,-48.10506872,FR I,,
92.01171318,-49.2753405,FR II,,
115.9221411,-53.67487436,Point Source,Should be discarded,
216.3561986,-53.81137581,FR I,,
125.604997,-57.26313088,FR I,,
126.1173163,-56.75453526,FR I,Bent,
5.222324198,-25.46202835,FR II,,
41.79988505,-52.76837924,Point Source,,
189.9382872,-48.32808097,Point Source,,
50.66793151,-43.96676303,FR I,,
144.1639537,-76.08651427,Bent,,
99.41522285,-47.59141918,FR I,,
49.77800189,-44.70173042,FR II,,
68.18006235,-61.44845743,FR I,Bent,
232.5988583,-47.58276561,Point Source,,
6.080579948,-19.37301145,Point Source,,
53.41703204,-56.16673704,FR I,,
40.95686908,-53.55674027,FR II,,
86.65265644,-22.18642565,FR II,,
98.15221028,-53.04331484,FR II,,
190.5095812,-49.07456578,S/Z shaped,Exotic,
123.1915553,-56.97548931,FR II,,
64.22898197,-55.22284039,Point Source,,
87.4306519,-20.91302324,FR I,,
42.94105319,-52.65299141,Bent,,
100.3096956,-53.5633778,FR I,Bent,
52.29882972,-56.4022839,FR II,,
99.06587896,-53.94221492,Point Source,,
143.1391494,-76.28145037,FR I,,
100.7961935,-54.35983043,Bent,,
59.10498348,-73.89447731,Bent,,
87.42552253,-22.04123013,Bent,,
94.46608426,-48.3387871,FR I,,
234.7551121,-47.05147659,FR I,,
53.0025527,-82.39055045,Bent,,
119.6319692,-52.42862917,FR I,,
357.0882485,-26.10479881,FR II,,
5.025880678,-25.59937494,FR I,,
102.0238276,-53.83228902,FR II,,
171.8520767,-42.54362241,FR I,,
6.554660423,-20.09562231,Should be discarded,,
124.7891713,-58.01279847,Bent,,
230.092402,-84.04413891,Point Source,Should be discarded,
63.61586699,-56.00569181,Point Source,,
11.23380382,-21.56116066,FR II,,
232.8606711,-83.5914212,Bent,,
123.4729726,-56.53102756,Point Source,,
148.8949877,-84.42808619,FR I,,
57.6481264,-82.41375679,FR I,,
69.8860408,-61.13245632,Bent,,
19.10240191,-27.84352842,FR I,,
215.8631464,-53.41343907,FR II,,
2.595996535,-30.29326593,Bent,,
138.6474625,-84.15471223,FR I,,
98.02880261,-48.22687471,FR I,,
125.3341432,-57.11459612,Bent,,
3.528817361,-19.13678491,Should be discarded,,
53.13174022,-56.10100225,FR I,,
63.38243958,-70.97812192,Bent,,
229.1433091,-46.5308616,FR I,,
92.65546454,-49.21380114,Should be discarded,,
89.49388986,-58.08259001,Bent,,
41.32349333,-52.8542172,FR II,,
106.945129,-60.5778407,Bent,,
90.88658678,-39.51984374,FR I,Bent,
125.9556284,-56.52388405,Should be discarded,,
202.2989478,-31.82021707,FR II,,
100.3865512,-53.68115729,FR I,,
122.836718,-57.04218967,Bent,,
87.12550827,-21.95148559,Point Source,Should be discarded,
102.5306676,-54.06237301,Bent,,
100.9386988,-54.06312943,FR I,Bent,
98.10909798,-55.84919172,FR II,,
86.91917494,-21.29100009,Point Source,,
92.98333524,-47.92796664,FR II,,
57.88227761,-82.18928143,Should be discarded,,
55.78993601,-74.48551669,Point Source,,
63.26100741,-55.84001844,Bent,,
202.6747236,-31.69016504,X-Shaped,,
201.8681518,-31.5147178,Exotic,,
92.38244328,-49.25155959,FR II,,
120.7838322,-53.38753814,FR I,,
98.55820774,-48.42968401,FR I,Bent,
3.817648071,-30.51290083,Bent,,
4.723827016,-25.13779371,FR I,,
100.4102002,-47.91258719,Bent,,
118.8032485,-53.73879419,Bent,,
237.2236107,-76.10860048,Bent,,
48.27727288,-46.07349959,Bent,,
190.23971,-49.10178044,FR II,,
124.0017081,-57.41307928,FR I,,
190.8907595,-47.50840444,FR I,,
125.164542,-57.06756323,Point Source,,
95.42523146,-53.54823016,FR I,,
202.5418858,-31.40258266,FR I,,
63.72559332,-55.12178049,FR I,,
69.31380578,-60.89131833,FR II,,
90.8390689,-48.62945417,FR I,,
60.26646097,-71.02026889,FR II,,
9.998467133,-9.090683894,FR II,,
40.11418666,-53.50132872,Bent,,
237.7468322,-82.96867783,Point Source,,
202.6312848,-31.84554175,Bent,,
61.7381263,-71.34381926,Bent,,
57.64919383,-81.96576351,FR I,,
89.42499047,-59.39958774,Point Source,,
302.417298,-57.52386444,FR I,,
51.53181483,-55.72626613,Point Source,,
92.79537088,-49.75814614,FR I,Bent,
158.9528741,-71.03388171,Point Source,,
217.0043813,-53.8862492,Point Source,,
101.4298928,-53.9687774,Bent,,
41.42256128,-52.95630081,Bent,,
19.72805426,-27.19340381,Bent,,
59.18832408,-82.11156469,FR I,,
93.93681759,-48.54912856,FR I,,
3.456014152,-19.55174196,Point Source,Should be discarded,
121.5927662,-56.841312,Bent,,
229.6223176,-46.70456012,FR I,,
4.178208509,-30.38610988,Point Source,,
62.69445817,-82.10697967,FR I,,
342.5194519,-44.61592248,FR II,,
3.750443409,-19.68090682,FR II,,
52.42051682,-56.05059158,FR II,,
341.4495409,-44.70555111,Bent,,
212.8642042,-42.49518034,Bent,,
96.8006481,-55.91365975,Bent,,
149.6670946,-83.30986178,Should be discarded,,
202.5283238,-32.30368273,FR I,,
58.99127945,-82.00967112,Point Source,,
63.19398412,-55.3990167,Point Source,,
98.87356565,-48.81833811,FR II,,
123.4754294,-57.1972846,FR I,,
236.8008836,-75.80395733,FR I,,
96.92706483,-53.39845533,Point Source,,
102.3874187,-54.6121273,FR I,,
10.7716972,-20.6601982,Point Source,,
115.7116544,-53.82979027,FR II,,
4.703807027,-25.75905931,Point Source,,
89.54999965,-40.07871255,FR I,,
64.37783327,-55.95705965,Bent,,
92.49483922,-48.92870346,Point Source,,
101.3287727,-54.7498013,FR I,,
123.7378239,-57.95222924,Point Source,,
123.0610197,-57.07457571,Point Source,,
106.5380345,-60.28596951,FR II,,
201.7068892,-31.39516057,FR I,,
53.72596144,-40.90191052,FR II,,
7.436932746,-19.33467014,FR II,,
51.02634042,-55.82784314,Point Source,,
172.4287719,-41.66211416,FR II,,
47.88726948,-45.32365049,FR II,,
228.9272556,-46.79744485,FR II,,
60.0374316,-73.70598634,FR I,,
99.2041018,-48.18989986,Point Source,,
119.817176,-52.85399605,Bent,,
96.94332071,-53.32914184,FR II,,
203.8199453,-31.41723046,Bent,,
161.3962107,-71.21042384,Point Source,,
303.908864,-57.63992161,Bent,,
107.8192761,-60.42717706,FR II,,
52.23260123,-55.61346713,FR II,,
64.4960214,-55.01526449,Point Source,,
234.8525644,-47.05663252,Point Source,,
50.03944476,-43.90783294,FR II,,
50.38141703,-44.32369366,Bent,,
63.9502235,-55.07551557,FR I,,
49.45966799,-43.77783096,Point Source,,
97.26817999,-53.23877367,S/Z shaped,,
101.4822711,-53.88562117,Point Source,,
96.33872647,-56.99295335,Point Source,,
10.51258063,-20.49533515,FR II,,
189.6295535,-48.22064049,Point Source,,
19.52044187,-27.4538241,Should be discarded,,
11.04690665,-19.53361107,Bent,,
125.3006842,-56.45721145,FR I,,
90.95400999,-58.4967808,FR II,,
90.15485673,-40.04971748,FR II,,
9.734041471,-20.27283386,Point Source,,
172.2091517,-42.9093734,FR I,,
90.10420067,-58.62170921,FR I,,
53.92274315,-40.88683674,Bent,Exotic,
217.1728086,-54.50670919,FR II,,
230.8793651,-46.53420118,FR I,,
51.34469526,-56.52339067,FR II,,
64.89514834,-55.79626865,Bent,,
172.3993357,-41.46458366,FR II,,
148.0536794,-84.01386907,FR II,,
203.7032145,-30.81852748,FR II,,
190.0246349,-48.20810777,Point Source,,
109.3906063,-60.5001012,FR II,,
92.3332103,-49.20985832,FR I,,
116.164576,-53.89465815,FR II,,
53.45796539,-55.8318928,FR II,,
234.7121038,-83.70011168,Bent,,
41.26994276,-52.80946732,typical,,
90.71110144,-58.35548002,FR I,,
202.5235916,-31.51530045,Bent,,
96.92346664,-53.85178193,X-Shaped,,
41.76200963,-53.65943131,FR II,,
3.414355115,-30.15732198,Point Source,,
201.909236,-30.62364581,FR II,,
6.558662682,-20.07613569,FR I,,
116.3308892,-54.18609088,FR II,,
67.76759257,-61.41247135,FR I,,
211.9141689,-43.03570819,Point Source,,
57.84717882,-73.84336178,Exotic,,
115.5451307,-54.92107059,Bent,,
19.00472247,-27.53740568,FR I,,
4.036730079,-19.58305514,FR II,,
63.18748052,-71.16179999,FR I,,
91.73588702,-49.0959201,FR I,,
61.97655722,-82.75480201,FR II,,
11.10972326,-20.58821262,FR II,,
202.0995107,-31.41686863,FR I,,
5.228217278,-25.9327195,Point Source,,
53.56678053,-40.14446846,Point Source,,
43.81976834,-78.58140383,Point Source,,
341.8434815,-44.45950241,FR II,,
143.5921291,-82.7291453,FR II,,
40.2558456,-52.90154193,FR I,,
53.45708282,-55.52243797,Point Source,,
91.12305542,-58.1832099,FR I,,
62.89783855,-70.77246973,FR I,,
102.1294766,-54.16710474,Point Source,,
303.4448138,-56.78274552,Bent,,
63.42032443,-82.11402299,FR I,,
202.26893,-31.51924881,Point Source,,
90.52754337,-58.61330925,Exotic,,
42.93588907,-78.02907413,FR I,,
152.4821765,-83.20738208,FR II,,
99.95455431,-53.78316565,FR II,,
91.28675179,-49.89084739,Point Source,,
100.0972331,-47.69368915,Point Source,,
100.065987,-47.58395919,Bent,,
11.46317229,-20.68612443,FR II,,
118.9954532,-53.2132914,FR II,,
341.1271174,-44.27272187,Bent,,
234.5340658,-46.63847593,Point Source,,
342.043829,-44.65963946,FR II,,
235.3798652,-83.68726774,FR II,,
19.90215468,-27.8941984,FR I,,
48.98820427,-44.94811466,FR I,,
189.6076553,-47.6869518,FR I,,
99.29539952,-56.70557873,FR II,,
302.7047402,-57.40345532,FR I,,
302.8615915,-56.72818986,Bent,,
10.7340198,-9.264459808,Bent,,
172.9484443,-42.80115718,FR I,,
99.15259577,-48.44860427,FR II,,
232.5568245,-47.96360482,FR II,,
50.66143548,-55.4801445,FR II,,
202.6704487,-31.34469867,FR II,,
67.88277392,-62.31747421,Bent,,
4.708162489,-30.63312685,Point Source,,
10.64242471,-9.926506478,FR I,,
123.3565288,-56.80279294,Bent,,
229.6254301,-46.88651373,Bent,,
99.80508197,-48.28116067,Bent,,
11.2588903,-20.4036712,FR I,,
5.434877397,-25.00582692,FR II,,
50.36838182,-43.58464336,FR I,,
99.37194702,-48.31699294,typical,,
52.41538799,-56.29026242,Point Source,,
47.56708148,-45.39193989,Point Source,,
202.0481349,-31.5390838,Bent,,
3.003249914,-30.26532773,FR II,,
143.5730548,-82.90176891,Point Source,,
91.0441393,-40.76273791,FR II,,
96.44908405,-53.40608926,FR I,,
100.2441436,-53.55278944,Point Source,,
102.0785217,-54.01562454,FR I,,
212.0919586,-43.1161485,Point Source,,
90.7335189,-40.15120138,Point Source,,
146.7834052,-83.75001125,Point Source,,
351.5195714,-40.73336813,Point Source,,
48.58491153,-44.8698051,Point Source,,
97.36716348,-56.76605168,FR I,,
233.5284606,-47.04100685,Point Source,,
147.34387,-76.7357727,Should be discarded,,
123.7517908,-56.97776138,Bent,,
53.82429926,-40.61410344,FR I,,
10.15145171,-8.88718306,Bent,,
116.2848534,-54.08170012,FR II,,
51.51482769,-55.4885377,FR II,,
102.8185362,-54.29516147,FR II,,
200.8956814,-31.87969388,Point Source,Should be discarded,
146.5361661,-84.10858499,typical,,
40.88687153,-53.44032239,Point Source,,
90.86494333,-40.07730108,FR I,,
191.2146561,-48.75663189,FR I,,
53.35404337,-40.75683317,FR II,,
95.15535593,-47.22405847,FR II,,
47.4506887,-45.23892838,FR I,,
216.4699336,-54.63138646,FR II,,
116.5924592,-54.09737432,FR II,,
45.83947195,-77.87564381,Bent,,
99.26950322,-48.5257461,FR II,,
303.5746929,-57.49676115,FR II,,
63.61460182,-55.97822154,FR I,,
116.1825315,-54.28288587,Bent,,
140.6805376,-83.14082891,FR I,,
100.1185103,-48.23791189,FR II,,
89.84429618,-58.40660238,Point Source,Should be discarded,
108.1047847,-60.12382354,Point Source,Should be discarded,
10.30950527,-9.219680755,FR II,,
237.9153661,-75.68759641,Point Source,Should be discarded,
66.47487585,-60.89932503,Point Source,Should be discarded,
301.7563067,-56.06306379,Point Source,Should be discarded,
125.0270382,-57.44838467,Point Source,Should be discarded,
62.91976128,-55.77013287,FR II,,
123.2726257,-57.38893002,FR II,,
61.09424931,-82.5966672,Point Source,Should be discarded,
190.431458,-48.75523068,Point Source,Should be discarded,
92.28200125,-49.47557747,Point Source,Should be discarded,
90.28504004,-39.91100795,S/Z shaped,Exotic,
101.0699505,-53.80749043,FR II,,
202.424047,-31.97845634,Point Source,Should be discarded,
94.64285776,-48.42045,Bent,,
96.3583684,-54.11803193,Point Source,Should be discarded,
62.1693685,-71.42800191,FR II,,
226.8140296,-83.3792273,Point Source,,
64.27118942,-55.8653542,FR II,,
302.8112731,-57.34818421,Point Source,Should be discarded,
237.0933355,-83.69985355,FR I,,
303.2732502,-57.17896358,FR I,,
212.9863974,-42.3875516,Point Source,Should be discarded,
216.5811508,-54.19217131,FR II,,
100.6416234,-48.22137839,Point Source,Should be discarded,
49.27228203,-44.81139806,FR I,,
3.155853178,-19.63910119,FR II,,
99.2959531,-54.32913941,FR II,,
10.84427739,-20.77138753,FR II,,
99.45058655,-48.02844329,FR II,,
10.74322796,-20.62039685,Point Source,Should be discarded,
90.55143458,-39.94633033,Bent,,
55.49229899,-81.69412807,FR II,,
171.7552085,-42.13328973,FR II,,
190.5720176,-48.36714563,FR I,S/Z shaped,Exotic
122.6329142,-57.10362055,Bent,,
10.05052574,-20.18961824,Point Source,Should be discarded,
213.4752608,-42.50424267,Point Source,Should be discarded,
41.65195965,-53.00257849,FR II,Should be discarded,
65.01313719,-55.47742382,Bent,,
122.9662158,-57.12727709,Point Source,Should be discarded,
90.25308998,-39.43772198,FR II,,
351.7756941,-40.63562039,FR II,,
118.8223099,-53.91380317,Bent,,
101.7240545,-53.50418584,Bent,,
190.3561128,-49.12790016,FR I,,
120.2417111,-53.02536537,Bent,,
107.6517896,-60.79426316,Bent,,
230.1283816,-46.63015462,Bent,,
49.9738556,-44.45467024,Point Source,Should be discarded,
58.10175055,-73.90928323,FR I,Should be discarded,
57.19262747,-74.32543643,FR II,,
3.377057859,-29.60099149,FR I,,
212.0657842,-41.94196614,FR II,,
101.5370028,-54.11400508,FR II,,
108.5434265,-60.21712476,FR I,,
61.31594396,-71.58190221,FR II,,
303.4083306,-56.76236573,FR II,,
148.2372243,-76.29327557,FR II,,
172.572359,-42.21240631,FR II,,
63.24760872,-55.99349301,Point Source,Should be discarded,
357.3758976,-26.22618391,Bent,,
93.39750743,-47.47069839,Point Source,Should be discarded,
233.9686653,-47.50604811,Point Source,Should be discarded,
99.25127403,-56.2263712,Point Source,Should be discarded,
230.8733063,-46.70506602,FR II,,
3.447954688,-19.58369157,Point Source,Should be discarded,
350.7012956,-41.50544801,FR I,,
10.21067205,-20.7511245,Point Source,Should be discarded,
89.84410427,-58.26298225,Bent,,
58.58808134,-74.25374295,Point Source,Should be discarded,
124.6409719,-56.41071346,FR II,,
234.5229306,-47.56857734,FR II,,
10.5245957,-9.774640429,Point Source,,
98.52147157,-55.97947887,Point Source,Should be discarded,
90.71382411,-40.31260368,Point Source,Should be discarded,
189.8281815,-47.89087301,FR II,,
357.4442873,-25.68271607,Point Source,Should be discarded,
48.98826007,-44.94814995,Point Source,Should be discarded,
97.5780101,-52.92870301,Point Source,Should be discarded,
237.5480878,-76.12309318,Bent,,
67.900881,-61.74328005,Point Source,Should be discarded,
342.8220983,-15.75488226,Point Source,,
23.57585154,-13.94372701,S/Z shaped,Exotic,
351.7865866,-12.23098502,FR I,,
3.509045807,-19.2211206,FR II,,
342.3640357,-15.65873188,FR II,,
350.5824423,-12.33235514,Point Source,,
355.5248727,-9.386136155,Point Source,,
356.4177464,-9.603047189,FR II,,
342.1190605,-15.14772308,FR I,,
352.4543104,-12.0760466,FR II,,
21.95116217,-1.685674941,S/Z shaped,,
351.3260521,-12.13124703,Point Source,,
5.44413165,-24.83602433,typical,,
351.4383005,-12.06780065,Point Source,,
23.52956752,-13.81844544,Bent,,
341.9348631,-16.19324871,FR II,,
341.4818679,-15.52261844,FR II,,
20.83890358,-2.336869109,FR I,,
23.46320782,-13.60428584,Bent,,
23.16605286,-13.18198889,FR I,,
15.17546827,-22.66695814,FR II,,
341.0110285,-16.35582518,Bent,,
21.37045507,-0.327047805,Should be discarded,,
23.7103164,-13.82383561,FR I,,
341.7820123,-16.9288975,FR II,,
4.775013369,-26.37791693,FR I,,
351.5088074,-12.2200307,FR II,,
355.2570548,-8.570689219,FR II,,
341.9292802,-16.32893573,FR II,,
355.274175,-8.545755954,FR I,,
5.015971443,-24.94179352,FR I,,
355.087262,-8.88634326,FR II,,
351.4619781,-11.50263381,Point Source,,
22.47915134,-14.27282258,FR I,,
5.174716618,-25.49250921,S/Z shaped,,
4.199434121,-19.01931854,Should be discarded,,
20.92258112,-1.055697946,Bent,,
355.7083282,-9.157657323,Bent,,
354.9024889,-9.226382798,Point Source,,
5.11118477,-25.83943524,FR II,,
342.6917065,-16.20143884,Bent,,
342.1029484,-15.84238848,FR II,,
342.446703,-15.37483591,FR II,,
342.6262504,-16.42219947,Point Source,Should be discarded,
22.77785141,-13.05368294,Should be discarded,,
342.1239234,-15.19147221,FR I,,
350.2408233,-12.34497059,FR II,,
21.79399321,-2.205558664,FR I,,
22.9683491,-12.84124266,FR II,,
23.03589062,-13.32344809,FR II,,
342.8927884,-16.11398029,FR II,,
355.3964613,-8.503846045,FR II,,
341.5690988,-16.98730604,FR II,,
342.1678313,-15.24130241,Bent,,
342.0338491,-15.93874748,FR II,,
21.86057945,-2.028288771,FR I,,
354.5611095,-9.196172235,Bent,,
341.9537924,-15.70165602,Bent,,
342.5572533,-16.53853643,FR II,,
3.791518356,-19.73120772,FR I,,
350.4984718,-12.65782977,FR I,,
354.3918131,-9.004988924,Bent,,
4.218858745,-19.0145109,Should be discarded,,
355.1802714,-8.898745646,FR II,,
23.1898372,-13.35116548,FR II,,
342.5299194,-15.40808665,FR I,,
20.95224417,-0.999843718,FR II,,
341.0404271,-16.37638361,FR II,,
342.2678109,-16.92420722,FR I,,
20.38003621,-1.538776202,Bent,,
351.3214235,-12.10765347,Point Source,,
3.385311374,-18.75033524,Bent,Exotic,
341.5624329,-16.91013557,FR II,,
355.6214632,-8.836916841,FR II,,
350.8655821,-12.40724417,FR II,,
354.441235,-9.241478428,Bent,,
342.7371077,-15.80158043,FR II,,
354.9064014,-9.24184913,Point Source,,
342.4028414,-16.26436368,FR II,,
355.5341762,-9.415307019,Should be discarded,,
355.5063125,-8.085909582,FR II,,
5.372998026,-25.27527096,typical,,
341.1169444,-15.53536368,Bent,,
342.5228475,-16.92555407,FR I,,
341.9838125,-15.74184677,FR II,,
342.0334668,-15.64423876,FR II,,
354.9735797,-9.04694479,FR I,,
5.080305572,-25.47483839,FR II,,
23.66837028,-13.15031906,FR II,,
342.1921146,-15.78939905,Point Source,,
354.8661225,-9.506051441,FR II,,
355.4388802,-9.030941741,Bent,,
342.8700421,-16.04421192,FR I,,
341.5238831,-15.99524196,FR I,,
342.857899,-15.61292299,Point Source,,
4.978748236,-24.84243225,FR I,,
342.6026067,-15.82701826,FR II,,
355.4306542,-9.214603709,FR I,,
21.61687276,-1.074087002,FR II,,
351.6338907,-12.93473096,FR II,,
354.4987248,-8.603399195,FR II,,
342.7845887,-16.68421984,FR II,,
341.7599818,-16.02813321,FR II,,
342.5410408,-16.54090642,FR II,,
21.13448059,-1.080507272,FR II,,
355.5390627,-9.39003573,Point Source,,
342.2859932,-16.20782448,FR II,,
21.49514794,-1.330895603,Bent,Exotic,
22.17912343,-0.871213606,FR II,,
23.16049331,-14.42422236,FR II,,
350.2125348,-12.68847074,Point Source,,
354.7173749,-9.626046785,FR II,,
4.457969932,-19.4685488,FR II,,
352.1603483,-12.52274669,FR I,,
356.3159094,-8.936337597,FR II,,
20.92509613,-1.341801221,FR I,,
341.9995391,-15.81693476,FR II,,
342.5759159,-15.87960716,FR I,,
342.2108284,-15.0282588,Bent,,
351.3426365,-12.11884515,Point Source,,
21.61761076,-0.485197844,FR I,,
341.8173569,-16.61776004,FR II,,
355.6062773,-8.388735554,FR II,,
3.647072946,-19.99059848,FR II,,
342.339128,-15.87604209,FR II,,
350.8800029,-11.80680563,FR II,,
351.3309874,-12.10466935,Should be discarded,,
354.4749692,-9.171700262,FR II,,
20.65188164,-2.053793355,FR II,,
22.0217012,-0.800045613,FR II,,
351.311856,-12.10806396,Should be discarded,,
5.229776485,-26.58221899,Bent,,
21.79451437,-0.877513966,FR II,,
342.1067676,-17.0828023,FR II,,
342.3183903,-15.48233649,Point Source,,
342.3136214,-16.88844293,FR I,,
341.1014167,-16.68282658,FR II,,
341.6356306,-16.04175755,S/Z shaped,,
350.6329819,-12.1103868,Bent,,
21.866703,-2.406056806,Bent,,
22.98158468,-13.60035627,Bent,,
342.6428123,-15.29591473,S/Z shaped,,
21.8206132,-2.068980336,FR II,,
4.309365421,-19.13582,FR II,,
2.554694856,-20.42666583,FR II,,
341.5272766,-15.12956467,FR I,,
15.8003146,-22.21388204,FR II,,
341.9813642,-15.37170077,Point Source,,
342.5309562,-16.69335222,FR II,,
5.451317259,-25.88427945,FR II,,
351.1472232,-12.83864684,FR II,,
5.518549349,-25.9184333,FR II,,
3.105498539,-18.81550091,Should be discarded,,
341.5456769,-15.67465447,FR I,,
342.7063987,-16.41486298,Bent,,
343.0532635,-15.70912327,FR I,,
5.938515211,-25.38760485,FR II,,
355.3000508,-9.035406702,Bent,,
341.3924625,-15.29856996,FR II,,
354.9250539,-8.38099079,FR II,,
342.1818735,-16.01315293,FR II,,
342.6811313,-16.49618338,FR II,,
5.788996717,-25.0433474,FR II,,
342.427724,-15.80468506,FR I,,
350.9247538,-13.0227535,FR II,,
350.6339333,-12.34959584,Point Source,,
342.3762988,-16.82302542,Bent,,
351.3473777,-12.15345758,Point Source,,
351.2902022,-12.92212868,FR II,,
2.809645128,-19.13730659,Bent,,
355.7549527,-10.09597661,FR II,,
22.25055947,-13.65948175,Bent,,
355.0804509,-8.218462819,FR I,,
23.28178345,-14.07099352,FR II,,
342.8029372,-15.8399826,FR I,S/Z shaped,
342.7958865,-16.53489159,FR II,,
3.199308945,-19.11538184,FR II,,
20.84438059,-1.39203401,FR II,,
352.0055538,-12.42595741,FR II,,
341.7259882,-15.55402253,FR I,,
4.929582357,-25.73865379,FR II,,
356.1952257,-8.885890419,FR II,Exotic,
355.5426656,-9.401342823,Point Source,,
354.6921648,-9.222153897,Bent,,
351.5518953,-11.81956964,Should be discarded,,
355.4695866,-8.648014549,FR I,,
351.3235458,-12.14167238,Should be discarded,,
341.7137289,-15.76822115,FR I,,
342.0382609,-16.48954579,FR II,,
343.0509852,-16.13843074,FR I,,
341.9198848,-15.09012902,FR II,,
355.6896981,-8.483199369,FR II,,
351.0293125,-11.86103101,Should be discarded,,
2.660135585,-18.99325438,FR II,,
342.3222045,-15.62793441,Exotic,,
341.1338225,-16.58705163,FR I,,
342.1571851,-16.20859443,FR II,,
23.68934323,-13.70035762,FR II,,
21.52913294,-2.101999517,FR II,,
354.5820329,-8.861531937,Bent,,
355.7592054,-8.98341746,FR II,,
23.37043852,-13.57942996,Bent,,
3.068936128,-18.72399069,FR I,,
355.3134601,-7.994068095,FR II,,
355.1713093,-9.701914153,FR I,,
21.72921183,-0.958059834,FR II,,
3.533496152,-19.5384874,FR I,,
350.8622694,-13.12388979,Should be discarded,,
3.067329441,-19.25159761,FR II,,
20.46485277,-1.477738815,FR II,,
3.540420899,-19.33772322,FR I,,
350.7259466,-11.5912661,FR II,,
15.6715378,-21.87507213,FR I,Exotic,
20.60373363,-2.000866969,FR II,,
342.0309797,-16.86031785,FR II,,
354.6379205,-8.79431672,FR II,,
342.7973933,-15.63546283,FR II,,
341.9288009,-16.53477872,FR II,,
22.98601372,-13.587557,Bent,,
22.10544821,-0.971128505,Bent,,
355.5131979,-8.215130608,FR II,,
356.3325069,-9.384410444,FR II,,
354.6017672,-8.841739819,FR II,,
21.80536727,-2.133003743,Bent,,
341.711248,-15.21885045,FR II,,
22.64877877,-13.60354126,Should be discarded,,
23.62380653,-13.07871769,FR II,,
342.7298217,-16.45523938,FR II,Exotic,
3.371959859,-19.49932293,Exotic,,
23.49631579,-12.95234873,FR II,,
354.5823563,-9.756571922,FR II,,
351.3985684,-11.99167737,S/Z shaped,,
21.37262783,-0.440187554,Should be discarded,,
3.236652314,-18.79451235,Bent,,
355.5419465,-9.379230192,Should be discarded,,
342.3051375,-15.98308635,FR I,,
2.919370036,-20.0020366,Bent,Exotic,
23.24244336,-13.00554052,Bent,Exotic,
351.606917,-12.02606876,Should be discarded,,
342.0713233,-15.57427353,FR II,,
355.0262716,-9.369685576,FR II,,
21.79573999,-1.865101211,Bent,,
354.8948421,-9.235697552,Should be discarded,,
342.7587038,-16.20276587,FR II,,
351.3371588,-12.13350052,Should be discarded,,
355.3081881,-9.319303449,FR II,,
22.43097763,-12.99755098,FR I,,
342.1046661,-16.35221689,FR II,,
342.7869257,-15.56024407,Bent,,
20.56841592,-1.34830277,FR II,,
22.63596861,-13.89730223,FR I,,
20.52916866,-1.207299466,FR II,,
21.48441257,-1.960046428,FR II,,
20.68034479,-0.959568824,Bent,,
351.3020745,-12.09668631,Should be discarded,,
351.4119936,-11.77889709,FR II,,
3.595562694,-19.25702165,FR I,,
351.3463094,-12.10938125,Should be discarded,,
342.0547925,-15.79345728,FR II,,
351.2179511,-12.38910015,Should be discarded,,
351.6342842,-12.51671895,Should be discarded,,
5.163225179,-25.59120992,FR I,,
351.2053583,-11.90373225,Should be discarded,,
355.5195364,-8.936196663,FR I,,
355.8872935,-9.433866817,FR II,,
3.918957082,-19.50283365,Bent,,
23.91440346,-13.82273763,Should be discarded,,
352.0660289,-12.15667451,Bent,,
341.8372573,-15.73468789,Bent,,
3.412526088,-20.30406542,FR I,,
350.5476784,-12.083736,Should be discarded,,
355.7875117,-8.902695051,FR II,,
341.1906568,-16.55556133,FR II,,
354.3362529,-8.971076043,FR I,Should be discarded,
355.2532372,-9.67784416,FR I,,
342.1528742,-15.73966013,X-Shaped,,
22.75620782,-13.037759,Should be discarded,,
23.50983734,-13.98920808,Bent,,
22.13561189,-13.89056598,FR II,,
342.8936591,-16.34840315,FR I,,
355.3310661,-8.571846782,FR II,,
341.7066605,-16.0094702,FR II,,
3.448459497,-18.94380503,FR II,Exotic,
4.823418759,-26.1657228,FR I,,
3.506845042,-20.23405002,FR II,,
4.414280965,-19.11968992,Bent,,
342.8006227,-16.9193315,FR II,,
342.4142383,-16.74094806,FR II,,
4.153520884,-19.38436346,FR II,,
350.5427004,-12.18950691,FR II,,
5.660681717,-26.42122106,Bent,,
22.94209607,-13.57974441,FR II,,
354.702012,-9.592043434,typical,,
341.3846891,-15.43750343,FR II,,
341.3587691,-15.55425452,FR II,,
350.9213632,-11.94731902,FR II,,
350.8903555,-12.38860984,FR I,,
342.1439987,-15.86518631,FR II,,
351.3340513,-12.1440948,Should be discarded,,
341.5368995,-16.90184949,Bent,,
20.54815964,-1.447225455,FR II,,
341.6169027,-16.81750043,typical,,
22.94826188,-13.92070722,Bent,,
355.8374216,-9.520199622,FR I,,
341.142842,-15.43498804,Should be discarded,,
342.3362246,-16.22190846,Should be discarded,,
341.6353575,-15.4698966,FR II,,
342.8380525,-15.77070516,FR II,,
3.657604735,-18.91463443,Bent,,
341.964757,-16.03206013,FR II,,
342.017376,-15.27961128,FR II,,
355.2211046,-8.469638261,FR II,,
355.0454598,-8.986231964,FR I,,
356.2454483,-9.271263795,FR II,Exotic,
341.8808675,-15.89513108,FR II,,
23.75690288,-13.72316245,FR II,,
22.91707745,-13.46520001,FR II,,
350.5428388,-11.84992044,Bent,,
4.12295524,-18.65921847,FR II,,
350.7015704,-12.76190596,Should be discarded,,
22.65299076,-13.55851956,FR II,,
351.3065671,-12.09889427,Should be discarded,,
351.0193146,-11.86519306,Should be discarded,,
342.7347381,-15.59770381,Bent,,
343.0592043,-16.25570517,Bent,,
342.1285192,-16.17559898,FR I,,
350.6789145,-12.19542238,Bent,,
342.8029204,-15.97344647,FR I,,
20.48571799,-1.630846658,FR II,,
22.50057953,-13.47461206,FR II,,
351.1360155,-12.30125149,FR II,,
341.0322635,-16.40136707,Bent,,
342.3059304,-15.77365905,Bent,,
351.0471452,-12.52328636,FR II,,
22.98924769,-13.74512192,Bent,,
21.805097,-0.755165557,FR II,,
354.9684085,-9.161742475,Should be discarded,,
342.8627312,-16.29338167,FR II,,
355.6508618,-9.01384198,FR II,,
355.7074311,-8.442322124,FR II,,
356.3308513,-9.04653699,FR II,,
355.5260247,-9.405432158,Should be discarded,,
4.082996917,-19.2328912,FR II,,
2.635933286,-19.06808695,FR II,,
5.490687344,-26.32143577,FR II,,
342.5850498,-16.56301302,FR II,,
341.870349,-16.41491879,Should be discarded,,
342.0389424,-15.98429381,Bent,,
16.2121437,-22.12052432,Exotic,,
22.49907095,-14.07472133,FR II,,
341.7474987,-15.98060602,FR I,,
342.0619847,-16.11092003,FR I,,
21.36545662,-0.282258578,Should be discarded,,
355.0312151,-9.623638725,FR I,,
343.0519742,-16.24201009,FR II,,
352.1427099,-12.17811063,Should be discarded,,
342.9962639,-15.89867545,FR II,,
351.5318574,-11.62976692,FR II,,
3.995371245,-18.85878955,FR II,,
22.77009043,-13.02630024,FR II,,
354.8301285,-8.752057544,FR II,,
22.73869477,-13.02385639,FR II,,
351.1271241,-12.35674776,Should be discarded,,
343.1469904,-16.7122599,Bent,,
341.9417055,-16.22281793,FR II,,
342.1372008,-15.61835521,Bent,,
355.4199939,-9.62581235,FR I,,
21.35356662,-0.305338861,Should be discarded,,
342.7400195,-15.95830513,FR II,,
23.31358168,-13.06400587,FR II,Exotic,
351.423905,-12.83891441,FR II,,
342.3224977,-16.01457176,Bent,,
355.1282147,-8.663162327,Bent,,
351.4095151,-12.48826796,Should be discarded,,
354.8818514,-8.319087411,FR II,,
342.4003496,-16.81090893,FR II,,
21.61571252,-0.772348433,FR II,,
342.055278,-15.73316765,Bent,,
22.97009324,-13.61719009,Bent,,
354.7191841,-9.534053052,FR II,,
355.4532758,-8.723615863,FR II,,
342.4065008,-16.7038519,Exotic,,
351.357134,-12.12633616,Should be discarded,,
3.695027044,-20.27688267,typical,,
3.575729281,-18.51017616,S/Z shaped,,
354.9162054,-9.238838171,Should be discarded,,
354.9120184,-9.229659808,Should be discarded,,
22.44811996,-13.2867992,typical,,
3.188722435,-19.61512914,Bent,,
342.1481115,-15.81108852,FR I,,
21.2907132,-2.313659283,FR II,,
341.9242388,-15.89383097,FR I,,
355.8315497,-9.742451314,FR II,,
4.488109139,-19.1867644,FR II,,
22.97057842,-13.77823531,FR II,,
351.198222,-11.67729811,FR II,,
351.8072938,-11.6673566,X-Shaped,Exotic,
4.056480774,-18.91041004,FR II,,
342.3589762,-16.11065889,FR II,,
23.5340875,-13.57221394,Bent,,
354.8911995,-9.30662611,FR I,,
355.6276181,-9.147700259,FR II,,
342.2939563,-15.8046125,FR II,,
3.377913626,-19.60513151,Bent,,
2.714706478,-18.88186743,FR II,,
355.7204991,-8.361697851,FR II,,
21.15985971,-1.209072501,Bent,,
355.5213175,-9.400402995,Should be discarded,,
342.9053431,-16.20706182,FR II,,
21.30984205,-1.930471496,Bent,,
342.9668903,-16.574781,FR I,,
355.5514527,-8.470091667,FR II,,
342.639964,-16.06755948,FR I,,
1.302775095,-24.83362725,FR II,,
0.31626364,-24.70707617,FR II,,
0.978437835,-24.78658595,FR II,,
1.320464268,-24.51808394,FR II,,
1.939104589,-25.2906745,FR I,,
2.35412643,-24.07694131,FR II,,
1.557034522,-25.35579771,FR II,,
1.246492355,-24.78595,FR I,,
1.807497558,-23.94234751,FR II,,
2.151575948,-25.35487793,FR II,,
0.250418796,-25.08420306,FR II,,
1.879036391,-24.67782649,FR II,,
0.85547932,-24.12659266,FR II,,
0.950240636,-25.39994931,FR II,,
1.10368899,-24.30465135,FR II,,
1.439896249,-25.47791266,FR II,,
0.979759924,-25.35672139,FR II,,
1.628039182,-25.0440766,Bent,,
1.076097434,-24.42918855,Exotic,,
0.371337742,-24.5539906,Bent,,
0.90067112,-25.12779668,FR II,,
1.587487466,-24.29135482,typical,,
1.707283026,-24.21741884,FR II,,
2.028540735,-25.57412871,FR II,,
2.172402448,-24.78125241,FR I,,
2.253269814,-25.06631437,FR II,,
1.287483534,-24.86588874,FR I,,
0.577599987,-24.92432497,Bent,,
1.009060362,-24.18502101,FR II,,
0.961586419,-24.78828637,FR II,,
1.499653514,-24.42300031,FR II,,
1.559398168,-24.68717517,typical,,
1.027953304,-25.06445922,Exotic,,
1.472841311,-23.65693162,Bent,,
1.447590908,-24.49166355,Exotic,,
1.013543632,-24.48832329,FR I,,
2.014451873,-24.30784714,FR II,,
0.522614626,-24.5683792,Exotic,,
1.920498803,-24.62410677,FR II,,
0.326604695,-24.57081914,Bent,,
1.54824275,-24.51768119,FR II,,
0.57753645,-24.6668435,Bent,,
1.852431397,-24.29189393,FR I,,
1.697268558,-24.14284736,FR II,,
0.425315762,-25.21064862,Bent,,
1.28390672,-24.70586326,Bent,,
0.775730872,-23.9343616,FR I,,
2.001352738,-23.65497676,Should be discarded,,
1.735388205,-24.36197849,Bent,,
0.443436873,-24.57735642,FR II,,
1.421762935,-24.87087624,FR I,,
1.45556734,-25.05866378,Should be discarded,,
2.076273291,-24.4272442,Bent,,
1.906985349,-24.34729257,FR I,,
2.077033053,-25.69095686,Bent,,
1.581586955,-23.69119906,FR II,,
1.19168067,-25.25514993,FR I,,
1.429065614,-24.23335604,FR II,,